-- phpMyAdmin SQL Dump
-- version 3.4.8deb1.oneiric~ppa.1
-- http://www.phpmyadmin.net
--
-- Хост: localhost
-- Время создания: Дек 28 2011 г., 22:57
-- Версия сервера: 5.1.58
-- Версия PHP: 5.4.0RC3-dev

SET SQL_MODE="NO_AUTO_VALUE_ON_ZERO";
SET time_zone = "+00:00";


/*!40101 SET @OLD_CHARACTER_SET_CLIENT=@@CHARACTER_SET_CLIENT */;
/*!40101 SET @OLD_CHARACTER_SET_RESULTS=@@CHARACTER_SET_RESULTS */;
/*!40101 SET @OLD_COLLATION_CONNECTION=@@COLLATION_CONNECTION */;
/*!40101 SET NAMES utf8 */;

--
-- База данных: `CleverStyle`
--

-- --------------------------------------------------------

--
-- Структура таблицы `prefix_config`
--

CREATE TABLE IF NOT EXISTS `prefix_config` (
  `domain` varchar(255) COLLATE utf8_unicode_ci NOT NULL,
  `core` mediumtext COLLATE utf8_unicode_ci NOT NULL,
  `db` mediumtext COLLATE utf8_unicode_ci NOT NULL,
  `storage` mediumtext COLLATE utf8_unicode_ci NOT NULL,
  `components` mediumtext COLLATE utf8_unicode_ci NOT NULL,
  `replace` mediumtext COLLATE utf8_unicode_ci NOT NULL,
  `routing` mediumtext COLLATE utf8_unicode_ci NOT NULL,
  PRIMARY KEY (`domain`)
) ENGINE=InnoDB DEFAULT CHARSET=utf8 COLLATE=utf8_unicode_ci COMMENT='Settings';

--
-- Дамп данных таблицы `prefix_config`
--

INSERT INTO `prefix_config` (`domain`, `core`, `db`, `storage`, `components`, `replace`, `routing`) VALUES
('cscms.org', '{"name":"CleverStyle CMS","url":"http:\\/\\/cscms.org","keywords":"CleverStyle, CMS, content management system","description":"Мощная и масштабируемая система для построения современных сайтов","admin_mail":"admin@cscms.org","admin_phone":"+380939358975","closed_title":"Заголовок сайта при отключении","closed_text":"<p>Сайт отключен для проведения плановых работ<img title=\\"Хмурюсь\\" src=\\"..\\/..\\/..\\/components\\/plugins\\/TinyMCE\\/plugins\\/emotions\\/img\\/smiley-frown.gif\\" alt=\\"Хмурюсь\\" border=\\"0\\" \\/><\\/p>","site_mode":"1","title_delimiter":"::","title_reverse":"0","debug":"1","show_queries":"1","show_cookies":"1","show_user_data":"1","show_objects_data":"1","gzip_compression":"0","cache_compress_js_css":"1","theme":"CleverStyle","allow_change_theme":"0","allow_change_theme_scheme":"1","disk_cache_size":"1024","disk_cache":"0","memcache":"0","memcached":"0","themes":["CleverStyle"],"color_schemes":{"CleverStyle":{"1":"Green (default)","0":"Green (strict)"},"CleverStyle2":{"default":"Green (default)","green_strict":"Green (strict)"}},"color_scheme":"Green (strict)","language":"Русский","allow_change_language":"0","multilanguage":"0","db_balance":"0","maindb_for_write":"0","active_themes":["CleverStyle"],"active_languages":["Русский","English"],"zlib_compression":"0","zlib_compression_level":"9","cookie_domain":"cscms.org","cookie_path":"\\/","mirrors_url":"http:\\/\\/www.cscms.org","mirrors_cookie_domain":"www.cscms.org","mirrors_cookie_path":"\\/","languages":{"1":"English","0":"Русский"},"inserts_limit":"1000","key_expire":"120","session_expire":"2592000","update_ratio":"75","login_attempts_block_count":"0","login_attempts_block_time":"5","cookie_prefix":"","timezone":"Europe\\/Kiev","password_min_length":"4","password_min_strength":"0","smtp":"1","smtp_host":"smtp.yandex.ru","smtp_port":"465","smtp_secure":"ssl","smtp_auth":"1","smtp_user":"test@cleverstyle.org","smtp_password":"cstest","mail_from_name":"Администратор cscms.org","allow_user_registration":"1","require_registration_confirmation":"1","autologin_after_registration":"1","registration_confirmation_time":"1","mail_signature":"","mail_from":"test@cleverstyle.org"}', '{"0":{"mirrors":[{"mirror":"0","host":"localhost","type":"MySQL","prefix":"prefix_","name":"CleverStyle","user":"CleverStyle","password":"1111","codepage":"utf8","mirrors":[]}]},"2":{"mirrors":[],"host":"localhost","type":"MySQL","prefix":"prefix_","name":"CS3","user":"CS3","password":"CS3","codepage":"utf8","mirror":"-1"},"3":{"mirrors":[{"mirror":"3","host":"localhost","type":"MySQL","prefix":"prefix_","name":"CS2-mirror","user":"CS2-mirror","password":"CS2-mirror","codepage":"utf8","mirrors":[]},{"mirror":"3","host":"localhost","type":"MySQL","prefix":"prefix_","name":"CS2-mirror2","user":"CS2-mirror2","password":"CS2-mirror2","codepage":"utf8","mirrors":[]}],"host":"localhost","type":"MySQL","prefix":"prefix_","name":"CS2","user":"CS2","password":"CS2","codepage":"utf8"}}', '["0",{"host":"storage1.cscms.org","connection":"HTTP","user":"CleverStyle","password":"CleverStyle","url":"http:\\/\\/storage1.cscms.org"}]', '{"modules":{"System":{"active":1,"db":{"keys":"0","users":"0","texts":"0"}}},"plugins":["TinyMCE"],"blocks":{"Test1":{"title":"Проверка1","active":"1","position":"top","position_id":0,"template":"default.html","permissions":"","start":727912800,"expire":0,"update":0,"data":""},"Test2":{"title":"Test2","active":1,"position":"left","position_id":0,"template":"default.html","permissions":"","start":1309208804,"expire":0,"update":0,"data":""},"Test3":{"title":"Test3","active":0,"position":"invisible","position_id":0,"template":"default.html","permissions":"","start":1309208804,"expire":0,"update":0,"data":""},"Test4":{"title":"Test4","active":1,"position":"right","position_id":0,"template":"default.html","permissions":"","start":1309208804,"expire":0,"update":0,"data":""},"Test5":{"title":"Test5","active":0,"position":"bottom","position_id":0,"template":"default.html","permissions":"","start":1309208804,"expire":0,"update":0,"data":""}}}', '{"in":[],"out":[]}', '{"in":[],"out":[]}');

-- --------------------------------------------------------

--
-- Структура таблицы `prefix_groups`
--

CREATE TABLE IF NOT EXISTS `prefix_groups` (
  `id` smallint(4) unsigned NOT NULL AUTO_INCREMENT COMMENT 'WARNING: Never delete first 3 groups!',
  `title` varchar(1024) COLLATE utf8_unicode_ci NOT NULL,
  `description` text COLLATE utf8_unicode_ci NOT NULL,
  `permissions` blob NOT NULL,
  `data` longtext COLLATE utf8_unicode_ci NOT NULL,
  PRIMARY KEY (`id`)
) ENGINE=InnoDB  DEFAULT CHARSET=utf8 COLLATE=utf8_unicode_ci AUTO_INCREMENT=4 ;

--
-- Дамп данных таблицы `prefix_groups`
--

INSERT INTO `prefix_groups` (`id`, `title`, `description`, `permissions`, `data`) VALUES
(1, 'Administrators', 'Administrators', '', ''),
(2, 'Users', 'Users', '', ''),
(3, 'Bots', 'Bots', '', '');

-- --------------------------------------------------------

--
-- Структура таблицы `prefix_keys`
--

CREATE TABLE IF NOT EXISTS `prefix_keys` (
  `id` bigint(20) unsigned NOT NULL AUTO_INCREMENT,
  `key` varbinary(56) NOT NULL COMMENT 'Key may be generated by sha224 algorithm',
  `expire` bigint(20) unsigned NOT NULL DEFAULT '0',
  `data` text COLLATE utf8_unicode_ci NOT NULL,
  PRIMARY KEY (`id`),
  KEY `key` (`key`(32)),
  KEY `expire` (`expire`)
) ENGINE=InnoDB  DEFAULT CHARSET=utf8 COLLATE=utf8_unicode_ci COMMENT='Temporary keys' AUTO_INCREMENT=198 ;

--
-- Дамп данных таблицы `prefix_keys`
--

INSERT INTO `prefix_keys` (`id`, `key`, `expire`, `data`) VALUES
(64, '', 0, '1'),
(65, '', 0, ''),
(66, '', 0, ''),
(67, '', 0, ''),
(68, '', 0, ''),
(69, '', 0, ''),
(70, '', 0, ''),
(71, '', 0, ''),
(72, '', 0, ''),
(73, '', 0, ''),
(74, '', 0, ''),
(75, '', 0, ''),
(76, '', 0, ''),
(77, '', 0, ''),
(78, '', 0, ''),
(79, '', 0, ''),
(80, '', 0, ''),
(81, '', 0, ''),
(82, '', 0, ''),
(83, '', 0, ''),
(84, '', 0, ''),
(85, '', 0, ''),
(86, '', 0, ''),
(87, '', 0, ''),
(88, '', 0, ''),
(89, '', 0, ''),
(90, '', 0, ''),
(91, '', 0, ''),
(92, '', 0, ''),
(93, '', 0, ''),
(94, '', 0, ''),
(95, '', 0, ''),
(96, '', 0, ''),
(97, '', 0, ''),
(98, '', 0, ''),
(99, '', 0, ''),
(100, '', 0, ''),
(101, '', 0, ''),
(102, '', 0, ''),
(103, '', 0, ''),
(104, '', 0, ''),
(105, '', 0, ''),
(106, '', 0, ''),
(107, '', 0, ''),
(108, '', 0, ''),
(109, '', 0, ''),
(110, '', 0, ''),
(111, '', 0, ''),
(112, '', 0, ''),
(113, '', 0, ''),
(114, '', 0, ''),
(115, '', 0, ''),
(116, '', 0, ''),
(117, '', 0, ''),
(118, '', 0, ''),
(119, '', 0, ''),
(120, '', 0, ''),
(121, '', 0, ''),
(122, '', 0, ''),
(123, '', 0, ''),
(124, '', 0, ''),
(125, '', 0, ''),
(126, '', 0, ''),
(127, '', 0, ''),
(128, '', 0, ''),
(129, '', 0, ''),
(130, '', 0, ''),
(131, '', 0, ''),
(132, '', 0, ''),
(133, '', 0, ''),
(134, '', 0, ''),
(135, '', 0, ''),
(136, '', 0, ''),
(137, '', 0, ''),
(138, '', 0, ''),
(139, '', 0, ''),
(140, '', 0, ''),
(141, '', 0, ''),
(142, '', 0, ''),
(143, '', 0, ''),
(144, '', 0, ''),
(145, '', 0, ''),
(146, '', 0, ''),
(147, '', 0, ''),
(148, '', 0, ''),
(149, '', 0, ''),
(150, '', 0, ''),
(151, '', 0, ''),
(152, '', 0, ''),
(153, '', 0, ''),
(154, '', 0, ''),
(155, '', 0, ''),
(156, '', 0, ''),
(157, '', 0, ''),
(158, '', 0, ''),
(159, '', 0, ''),
(160, '', 0, ''),
(161, '', 0, ''),
(162, '', 0, ''),
(163, '', 0, ''),
(164, '', 0, ''),
(165, '', 0, ''),
(166, '', 0, ''),
(167, '', 0, ''),
(168, '', 0, ''),
(169, '', 0, ''),
(170, '', 0, ''),
(171, '', 0, ''),
(172, '', 0, ''),
(173, '', 0, ''),
(174, '', 0, ''),
(175, '', 0, ''),
(176, '', 0, ''),
(177, '', 0, ''),
(178, '', 0, ''),
(179, '', 0, ''),
(180, '', 0, ''),
(181, '', 0, ''),
(182, '', 0, ''),
(183, '', 0, ''),
(184, '', 0, ''),
(185, '', 0, ''),
(186, '', 0, ''),
(187, '', 0, ''),
(188, '', 0, ''),
(189, '', 0, ''),
(190, '', 0, ''),
(191, '', 0, ''),
(192, '', 0, ''),
(193, '', 0, ''),
(194, '', 0, ''),
(195, '', 0, ''),
(196, '', 0, ''),
(197, '', 0, '');

-- --------------------------------------------------------

--
-- Структура таблицы `prefix_logins`
--

CREATE TABLE IF NOT EXISTS `prefix_logins` (
  `id` bigint(20) NOT NULL AUTO_INCREMENT,
  `expire` bigint(20) NOT NULL,
  `login` varchar(56) NOT NULL,
  `ip` varchar(32) NOT NULL,
  PRIMARY KEY (`expire`,`login`,`ip`),
  UNIQUE KEY `id` (`id`)
) ENGINE=InnoDB  DEFAULT CHARSET=utf8 AUTO_INCREMENT=52 ;

--
-- Дамп данных таблицы `prefix_logins`
--

INSERT INTO `prefix_logins` (`id`, `expire`, `login`, `ip`) VALUES
(51, 1324210389, '07f1fea87effe36dcb75a60d4d7796f205d0d912e5055ed52ce06e50', '0000000000000000000000007f000001');

-- --------------------------------------------------------

--
-- Структура таблицы `prefix_permissions`
--

CREATE TABLE IF NOT EXISTS `prefix_permissions` (
  `id` smallint(4) unsigned NOT NULL AUTO_INCREMENT,
  `label` varchar(1024) COLLATE utf8_unicode_ci NOT NULL,
  `group` varchar(1024) COLLATE utf8_unicode_ci NOT NULL,
  PRIMARY KEY (`id`),
  KEY `label` (`label`(255)),
  KEY `group` (`group`(255))
) ENGINE=InnoDB DEFAULT CHARSET=utf8 COLLATE=utf8_unicode_ci AUTO_INCREMENT=1 ;

-- --------------------------------------------------------

--
-- Структура таблицы `prefix_sessions`
--

CREATE TABLE IF NOT EXISTS `prefix_sessions` (
  `id` varchar(32) COLLATE utf8_unicode_ci NOT NULL,
  `user` int(11) unsigned NOT NULL,
  `expire` bigint(20) unsigned NOT NULL,
  `user_agent` varchar(255) COLLATE utf8_unicode_ci NOT NULL,
  `ip` varchar(32) COLLATE utf8_unicode_ci NOT NULL COMMENT 'hex value, obtained by function ip2hex()',
  `forwarded_for` varchar(32) COLLATE utf8_unicode_ci NOT NULL COMMENT 'hex value, obtained by function ip2hex()',
  `client_ip` varchar(32) COLLATE utf8_unicode_ci NOT NULL COMMENT 'hex value, obtained by function ip2hex()',
  PRIMARY KEY (`id`,`expire`,`user_agent`,`ip`,`forwarded_for`,`client_ip`),
  KEY `user` (`user`)
) ENGINE=InnoDB DEFAULT CHARSET=utf8 COLLATE=utf8_unicode_ci;

--
-- Дамп данных таблицы `prefix_sessions`
--

INSERT INTO `prefix_sessions` (`id`, `user`, `expire`, `user_agent`, `ip`, `forwarded_for`, `client_ip`) VALUES
('00fb808a6c1cf19411b88922063de261', 1, 1321536369, 'Opera/9.80 (X11; Linux x86_64; U; Edition Next; ru) Presto/2.9.220 Version/12.00', '0000000000000000000000007f000001', '', ''),
('014b2e19fea0347b21d22ca9100f6554', 1, 1322089052, 'Opera/9.80 (X11; Linux x86_64; U; Edition Next; ru) Presto/2.9.220 Version/12.00', '0000000000000000000000007f000001', '', ''),
('01fdc886422d5efe634f4f0c799af095', 1, 1322258026, 'Opera/9.80 (X11; Linux x86_64; U; Edition Next; ru) Presto/2.9.220 Version/12.00', '0000000000000000000000007f000001', '', ''),
('0249ee228b13c6285c483a677e0fed36', 1, 1322090790, 'Opera/9.80 (X11; Linux x86_64; U; Edition Next; ru) Presto/2.9.220 Version/12.00', '0000000000000000000000007f000001', '', ''),
('030a2bb3a3c3af2c343ec9826deba869', 1, 1321656047, 'Opera/9.80 (X11; Linux x86_64; U; Edition Next; ru) Presto/2.9.220 Version/12.00', '0000000000000000000000007f000001', '', ''),
('03ec502e706040b85d4f52823e86f819', 1, 1321807439, 'Opera/9.80 (X11; Linux x86_64; U; Edition Next; ru) Presto/2.9.220 Version/12.00', '0000000000000000000000007f000001', '', ''),
('0444b7e0c7ec0ce87a84aaf95d802824', 1, 1321492809, 'Opera/9.80 (X11; Linux x86_64; U; Edition Next; ru) Presto/2.9.220 Version/12.00', '0000000000000000000000007f000001', '', ''),
('050fb06587e7aff7f43705aa8c657f63', 1, 1321888588, 'Opera/9.80 (X11; Linux x86_64; U; Edition Next; ru) Presto/2.9.220 Version/12.00', '0000000000000000000000007f000001', '', ''),
('06bad196157370a9a32647abc8dc273a', 1, 1327699502, 'Opera/9.80 (X11; Linux x86_64; U; Edition Next; ru) Presto/2.10.238 Version/12.00', '0000000000000000000000007f000001', '', ''),
('0722fdde6e2847330aaa7a1ae61c5672', 1, 1322004534, 'Opera/9.80 (X11; Linux x86_64; U; Edition Next; ru) Presto/2.9.220 Version/12.00', '0000000000000000000000007f000001', '', ''),
('0750837f1962556593217445a8de6fb1', 1, 1321538282, 'Opera/9.80 (X11; Linux x86_64; U; Edition Next; ru) Presto/2.9.220 Version/12.00', '0000000000000000000000007f000001', '', ''),
('0795a3f0b69b160079a0cb593df2f797', 1, 1321694551, 'Opera/9.80 (X11; Linux x86_64; U; Edition Next; ru) Presto/2.9.220 Version/12.00', '0000000000000000000000007f000001', '', ''),
('082f28582cd4376c0ff689064c3292fa', 1, 1322090295, 'Opera/9.80 (X11; Linux x86_64; U; Edition Next; ru) Presto/2.9.220 Version/12.00', '0000000000000000000000007f000001', '', ''),
('083e3254da2258508e81386c23e84670', 1, 1321920137, 'Opera/9.80 (X11; Linux x86_64; U; Edition Next; ru) Presto/2.9.220 Version/12.00', '0000000000000000000000007f000001', '', ''),
('095e03951d7d72f1ec8abeeada24ff20', 1, 1321999335, 'Opera/9.80 (X11; Linux x86_64; U; Edition Next; ru) Presto/2.9.220 Version/12.00', '0000000000000000000000007f000001', '', ''),
('09805b347fd31901b4b077c76c6fde6b', 1, 1321912341, 'Opera/9.80 (X11; Linux x86_64; U; Edition Next; ru) Presto/2.9.220 Version/12.00', '0000000000000000000000007f000001', '', ''),
('0a599208c2e7e2baadf2431e20c2eefb', 1, 1321536455, 'Opera/9.80 (X11; Linux x86_64; U; Edition Next; ru) Presto/2.9.220 Version/12.00', '0000000000000000000000007f000001', '', ''),
('0a613afc111840e9a88bfb1f4b0ca70c', 1, 1321701485, 'Opera/9.80 (X11; Linux x86_64; U; Edition Next; ru) Presto/2.9.220 Version/12.00', '0000000000000000000000007f000001', '', ''),
('0ac6b445b0feac8cdf04a69ca8ad8e33', 1, 1322088770, 'Opera/9.80 (X11; Linux x86_64; U; Edition Next; ru) Presto/2.9.220 Version/12.00', '0000000000000000000000007f000001', '', ''),
('0ad821fc5360576cc946306700e55727', 1, 1321570366, 'Opera/9.80 (X11; Linux x86_64; U; Edition Next; ru) Presto/2.9.220 Version/12.00', '0000000000000000000000007f000001', '', ''),
('0adf32aad97e69db6a38d2b966749750', 1, 1321493096, 'Opera/9.80 (X11; Linux x86_64; U; Edition Next; ru) Presto/2.9.220 Version/12.00', '0000000000000000000000007f000001', '', ''),
('0b1976ef7ceaa6777386fbd1dad1d728', 1, 1321920588, 'Opera/9.80 (X11; Linux x86_64; U; Edition Next; ru) Presto/2.9.220 Version/12.00', '0000000000000000000000007f000001', '', ''),
('0b4bee928af9fcdf739fa546e5921e39', 1, 1321816681, 'Opera/9.80 (X11; Linux x86_64; U; Edition Next; ru) Presto/2.9.220 Version/12.00', '0000000000000000000000007f000001', '', ''),
('0c02eac3a633a302f847667b5fca3181', 1, 1321492803, 'Opera/9.80 (X11; Linux x86_64; U; Edition Next; ru) Presto/2.9.220 Version/12.00', '0000000000000000000000007f000001', '', ''),
('0d08a1db12dff8f09ada91cf8d55ac2d', 1, 1321807629, 'Opera/9.80 (X11; Linux x86_64; U; Edition Next; ru) Presto/2.9.220 Version/12.00', '0000000000000000000000007f000001', '', ''),
('0d304f5fb1ec624139b1abaf037d1dad', 1, 1321656252, 'Opera/9.80 (X11; Linux x86_64; U; Edition Next; ru) Presto/2.9.220 Version/12.00', '0000000000000000000000007f000001', '', ''),
('0d3eef247d30bd2a040c5bc207f0b4ca', 1, 1321664873, 'Opera/9.80 (X11; Linux x86_64; U; Edition Next; ru) Presto/2.9.220 Version/12.00', '0000000000000000000000007f000001', '', ''),
('0d81981ac405e833d94738045a988210', 1, 1321797935, 'Opera/9.80 (X11; Linux x86_64; U; Edition Next; ru) Presto/2.9.220 Version/12.00', '0000000000000000000000007f000001', '', ''),
('0da9e83a65031079b756d2ee0b3a1107', 1, 1322004546, 'Opera/9.80 (X11; Linux x86_64; U; Edition Next; ru) Presto/2.9.220 Version/12.00', '0000000000000000000000007f000001', '', ''),
('0ded51a4d6a188d88e728d40937da07d', 1, 1321793100, 'Opera/9.80 (X11; Linux x86_64; U; Edition Next; ru) Presto/2.9.220 Version/12.00', '0000000000000000000000007f000001', '', ''),
('0ef306294f55bb7aec68efe153c5da08', 1, 1321817603, 'Opera/9.80 (X11; Linux x86_64; U; Edition Next; ru) Presto/2.9.220 Version/12.00', '0000000000000000000000007f000001', '', ''),
('0efcc3991f5e6c5fb25fb8f623540c0a', 1, 1321807810, 'Opera/9.80 (X11; Linux x86_64; U; Edition Next; ru) Presto/2.9.220 Version/12.00', '0000000000000000000000007f000001', '', ''),
('0f1e08e4195659cbbf2e2b2cdcd7626d', 1, 1322090648, 'Opera/9.80 (X11; Linux x86_64; U; Edition Next; ru) Presto/2.9.220 Version/12.00', '0000000000000000000000007f000001', '', ''),
('0f4419032ba68a237980fccc60ff34bb', 1, 1321538551, 'Opera/9.80 (X11; Linux x86_64; U; Edition Next; ru) Presto/2.9.220 Version/12.00', '0000000000000000000000007f000001', '', ''),
('1020edd6daad4805f059d78fb858d9e2', 1, 1321667824, 'Opera/9.80 (X11; Linux x86_64; U; Edition Next; ru) Presto/2.9.220 Version/12.00', '0000000000000000000000007f000001', '', ''),
('11d420a0fa7e7c4ec254248f44472e88', 1, 1322004382, 'Opera/9.80 (X11; Linux x86_64; U; Edition Next; ru) Presto/2.9.220 Version/12.00', '0000000000000000000000007f000001', '', ''),
('11fa5e8d775ce579041eba6a9e659433', 1, 1327674553, 'Mozilla/5.0 (X11; Linux x86_64) AppleWebKit/535.15 (KHTML, like Gecko) Ubuntu/11.10 Chromium/18.0.984.0 Chrome/18.0.984.0 Safari/535.15', '0000000000000000000000007f000001', '', ''),
('127906ccadfd70ebc21bc6a087e18cb3', 1, 1322004371, 'Opera/9.80 (X11; Linux x86_64; U; Edition Next; ru) Presto/2.9.220 Version/12.00', '0000000000000000000000007f000001', '', ''),
('12d127d04d97bfcd5f359081729c4ba0', 1, 1321536381, 'Opera/9.80 (X11; Linux x86_64; U; Edition Next; ru) Presto/2.9.220 Version/12.00', '0000000000000000000000007f000001', '', ''),
('131e4cc46e6c58d98a641c849f12f31d', 1, 1321922015, 'Opera/9.80 (X11; Linux x86_64; U; Edition Next; ru) Presto/2.9.220 Version/12.00', '0000000000000000000000007f000001', '', ''),
('135eef3eeda5f76c71a34967da211458', 1, 1321815886, 'Opera/9.80 (X11; Linux x86_64; U; Edition Next; ru) Presto/2.9.220 Version/12.00', '0000000000000000000000007f000001', '', ''),
('13d8b991bfb13b7c66cf760e0fedd9b8', 1, 1321667680, 'Opera/9.80 (X11; Linux x86_64; U; Edition Next; ru) Presto/2.9.220 Version/12.00', '0000000000000000000000007f000001', '', ''),
('14608e8f49a24a63adbe92e20b5c8c89', 1, 1322090625, 'Opera/9.80 (X11; Linux x86_64; U; Edition Next; ru) Presto/2.9.220 Version/12.00', '0000000000000000000000007f000001', '', ''),
('1470b084e7835809c5d15f3748fba271', 1, 1322004208, 'Opera/9.80 (X11; Linux x86_64; U; Edition Next; ru) Presto/2.9.220 Version/12.00', '0000000000000000000000007f000001', '', ''),
('15a85da4f4b46469968fc1d17b3f6ae2', 1, 1322000753, 'Opera/9.80 (X11; Linux x86_64; U; Edition Next; ru) Presto/2.9.220 Version/12.00', '0000000000000000000000007f000001', '', ''),
('15b6844df9fe83e2da83109cf0762288', 1, 1321701668, 'Opera/9.80 (X11; Linux x86_64; U; Edition Next; ru) Presto/2.9.220 Version/12.00', '0000000000000000000000007f000001', '', ''),
('15e27555d24657285d72ee5e6b382bc8', 1, 1322004262, 'Opera/9.80 (X11; Linux x86_64; U; Edition Next; ru) Presto/2.9.220 Version/12.00', '0000000000000000000000007f000001', '', ''),
('16a10189e721e8b454440ad59a28a248', 1, 1321996485, 'Opera/9.80 (X11; Linux x86_64; U; Edition Next; ru) Presto/2.9.220 Version/12.00', '0000000000000000000000007f000001', '', ''),
('17586caef13caeaf91d3a781d278688c', 1, 1321492808, 'Opera/9.80 (X11; Linux x86_64; U; Edition Next; ru) Presto/2.9.220 Version/12.00', '0000000000000000000000007f000001', '', ''),
('17945dce5f3e0cb68fd2bcf09d0eb2d8', 1, 1321701441, 'Opera/9.80 (X11; Linux x86_64; U; Edition Next; ru) Presto/2.9.220 Version/12.00', '0000000000000000000000007f000001', '', ''),
('188a8abac7310c05fe919030946aabff', 1, 1321570329, 'Opera/9.80 (X11; Linux x86_64; U; Edition Next; ru) Presto/2.9.220 Version/12.00', '0000000000000000000000007f000001', '', ''),
('18fb2ab81587be78ad8741d8272db064', 1, 1321920946, 'Opera/9.80 (X11; Linux x86_64; U; Edition Next; ru) Presto/2.9.220 Version/12.00', '0000000000000000000000007f000001', '', ''),
('1924dbc69e56c2adfe476542f04710ea', 1, 1327589900, 'Opera/9.80 (X11; Linux x86_64; U; Edition Next; ru) Presto/2.10.238 Version/12.00', '0000000000000000000000007f000001', '', ''),
('19ee44f4b3a774fd7c7d60e8bdad4210', 1, 1321919061, 'Opera/9.80 (X11; Linux x86_64; U; Edition Next; ru) Presto/2.9.220 Version/12.00', '0000000000000000000000007f000001', '', ''),
('1a1edf6d1b16549665b2e99539e2a6ff', 1, 1321701473, 'Opera/9.80 (X11; Linux x86_64; U; Edition Next; ru) Presto/2.9.220 Version/12.00', '0000000000000000000000007f000001', '', ''),
('1a39a204512eea8a4009e552739cf2e6', 1, 1326754113, 'Mozilla/5.0 (X11; Linux x86_64) AppleWebKit/535.14 (KHTML, like Gecko) Ubuntu/11.10 Chromium/18.0.973.0 Chrome/18.0.973.0 Safari/535.14', '0000000000000000000000007f000001', '', ''),
('1a9841e7620f29c018f3801f7fc71149', 1, 1321657658, 'Opera/9.80 (X11; Linux x86_64; U; Edition Next; ru) Presto/2.9.220 Version/12.00', '0000000000000000000000007f000001', '', ''),
('1af0045ec77cc359e1ef7d4ca74331c6', 1, 1321821492, 'Opera/9.80 (X11; Linux x86_64; U; Edition Next; ru) Presto/2.9.220 Version/12.00', '0000000000000000000000007f000001', '', ''),
('1b9aaeb620584af407b0b66cc01ea410', 1, 1322004413, 'Opera/9.80 (X11; Linux x86_64; U; Edition Next; ru) Presto/2.9.220 Version/12.00', '0000000000000000000000007f000001', '', ''),
('1c1ab01c3bae79f6deeefe2183e0c3da', 1, 1321822026, 'Opera/9.80 (X11; Linux x86_64; U; Edition Next; ru) Presto/2.9.220 Version/12.00', '0000000000000000000000007f000001', '', ''),
('1c5d456edfa454fcd8eb2a915dc32064', 1, 1321920420, 'Opera/9.80 (X11; Linux x86_64; U; Edition Next; ru) Presto/2.9.220 Version/12.00', '0000000000000000000000007f000001', '', ''),
('1cf95b545f5d35d9a1b1aa6812a3f8b5', 1, 1321920743, 'Opera/9.80 (X11; Linux x86_64; U; Edition Next; ru) Presto/2.9.220 Version/12.00', '0000000000000000000000007f000001', '', ''),
('1d2e2665c3ff1ad591cfa33971ab3a47', 1, 1321869463, 'Opera/9.80 (X11; Linux x86_64; U; Edition Next; ru) Presto/2.9.220 Version/12.00', '0000000000000000000000007f000001', '', ''),
('1d4fccf036110bd599d55892e05ddf8e', 1, 1324241877, 'Opera/9.80 (X11; Linux x86_64; U; Edition Next; ru) Presto/2.10.238 Version/12.00', '0000000000000000000000007f000001', '', ''),
('1e0d788b6fd196e218a290ac72dd46d7', 1, 1321660067, 'Opera/9.80 (X11; Linux x86_64; U; Edition Next; ru) Presto/2.9.220 Version/12.00', '0000000000000000000000007f000001', '', ''),
('1e444af1c7e00e1b7afd15aadc75ef1a', 1, 1326760812, 'Opera/9.80 (X11; Linux x86_64; U; Edition Next; ru) Presto/2.10.238 Version/12.00', '0000000000000000000000007f000001', '', ''),
('1e6c68f15b4bcbb606a1cb7d3aa35dd8', 1, 1322090106, 'Opera/9.80 (X11; Linux x86_64; U; Edition Next; ru) Presto/2.9.220 Version/12.00', '0000000000000000000000007f000001', '', ''),
('1fd2225d65ef44d0c558fe0b7c63083d', 1, 1322003638, 'Opera/9.80 (X11; Linux x86_64; U; Edition Next; ru) Presto/2.9.220 Version/12.00', '0000000000000000000000007f000001', '', ''),
('20229a5665bd1e9fa92dffc68c71de79', 1, 1322090554, 'Opera/9.80 (X11; Linux x86_64; U; Edition Next; ru) Presto/2.9.220 Version/12.00', '0000000000000000000000007f000001', '', ''),
('2051efab4c8af82fc01ddd7dc0e5dd96', 1, 1322085228, 'Opera/9.80 (X11; Linux x86_64; U; Edition Next; ru) Presto/2.9.220 Version/12.00', '0000000000000000000000007f000001', '', ''),
('20f04c56a55195dcc74406a927e0a2c4', 1, 1321998963, 'Opera/9.80 (X11; Linux x86_64; U; Edition Next; ru) Presto/2.9.220 Version/12.00', '0000000000000000000000007f000001', '', ''),
('2176dac53f29b8a08debba343182ca6f', 1, 1321570190, 'Opera/9.80 (X11; Linux x86_64; U; Edition Next; ru) Presto/2.9.220 Version/12.00', '0000000000000000000000007f000001', '', ''),
('218f26b15e6405b874fc470de203a859', 1, 1321999694, 'Opera/9.80 (X11; Linux x86_64; U; Edition Next; ru) Presto/2.9.220 Version/12.00', '0000000000000000000000007f000001', '', ''),
('2197afecbf3a17bc22483832d657fb0d', 1, 1322088107, 'Opera/9.80 (X11; Linux x86_64; U; Edition Next; ru) Presto/2.9.220 Version/12.00', '0000000000000000000000007f000001', '', ''),
('21d7ef37519e5d43f9e3c752c0e8b270', 1, 1321492760, 'Opera/9.80 (X11; Linux x86_64; U; Edition Next; ru) Presto/2.9.220 Version/12.00', '0000000000000000000000007f000001', '', ''),
('2251cb14fe302211348c0f0756a73447', 1, 1321920460, 'Opera/9.80 (X11; Linux x86_64; U; Edition Next; ru) Presto/2.9.220 Version/12.00', '0000000000000000000000007f000001', '', ''),
('22994ec6a49dd8a2a5bce849d87e695a', 1, 1322085227, 'Opera/9.80 (X11; Linux x86_64; U; Edition Next; ru) Presto/2.9.220 Version/12.00', '0000000000000000000000007f000001', '', ''),
('23be960aff00f88a28c136ea6d006b6b', 1, 1321812663, 'Opera/9.80 (X11; Linux x86_64; U; Edition Next; ru) Presto/2.9.220 Version/12.00', '0000000000000000000000007f000001', '', ''),
('23cf83ba59a110b6de34879bd8bd646a', 1, 1321807467, 'Opera/9.80 (X11; Linux x86_64; U; Edition Next; ru) Presto/2.9.220 Version/12.00', '0000000000000000000000007f000001', '', ''),
('23d87ec22ae4d05fe4c7418b60bc59a7', 1, 1322004655, 'Opera/9.80 (X11; Linux x86_64; U; Edition Next; ru) Presto/2.9.220 Version/12.00', '0000000000000000000000007f000001', '', ''),
('23de103563953c5c6e17fdf7bd8a3266', 1, 1321999721, 'Opera/9.80 (X11; Linux x86_64; U; Edition Next; ru) Presto/2.9.220 Version/12.00', '0000000000000000000000007f000001', '', ''),
('240a96af6e1a07af63b23916616631ae', 1, 1321920436, 'Opera/9.80 (X11; Linux x86_64; U; Edition Next; ru) Presto/2.9.220 Version/12.00', '0000000000000000000000007f000001', '', ''),
('245ff2a81b8889827bc5cdbef7270eef', 1, 1326761110, 'Opera/9.80 (X11; Linux x86_64; U; Edition Next; ru) Presto/2.10.238 Version/12.00', '0000000000000000000000007f000001', '', ''),
('24977d0ad7cf8fb93e64320a8f9452fd', 1, 1322001977, 'Opera/9.80 (X11; Linux x86_64; U; Edition Next; ru) Presto/2.9.220 Version/12.00', '0000000000000000000000007f000001', '', ''),
('2497e1e3bf75076a91f5cd98e7715bfe', 1, 1321999536, 'Opera/9.80 (X11; Linux x86_64; U; Edition Next; ru) Presto/2.9.220 Version/12.00', '0000000000000000000000007f000001', '', ''),
('2542b32f8c488b597ebcb0b29b981668', 1, 1322000828, 'Opera/9.80 (X11; Linux x86_64; U; Edition Next; ru) Presto/2.9.220 Version/12.00', '0000000000000000000000007f000001', '', ''),
('26052190dd89aeb2c6031c818ba651b8', 1, 1324168569, 'Mozilla/5.0 (Ubuntu; X11; Linux x86_64; rv:8.0) Gecko/20100101 Firefox/8.0', '0000000000000000000000007f000001', '', ''),
('2775aebb4d593adf1c797804849015d4', 1, 1321921269, 'Opera/9.80 (X11; Linux x86_64; U; Edition Next; ru) Presto/2.9.220 Version/12.00', '0000000000000000000000007f000001', '', ''),
('2799618a98d881532e80a39fd98064b3', 1, 1322088827, 'Opera/9.80 (X11; Linux x86_64; U; Edition Next; ru) Presto/2.9.220 Version/12.00', '0000000000000000000000007f000001', '', ''),
('27ce361950815532f1c84d3eba195f4a', 1, 1321816144, 'Opera/9.80 (X11; Linux x86_64; U; Edition Next; ru) Presto/2.9.220 Version/12.00', '0000000000000000000000007f000001', '', ''),
('283ad5aceea3fbd22d75a1b5c58a0b14', 1, 1326762518, 'Opera/9.80 (X11; Linux x86_64; U; Edition Next; ru) Presto/2.10.238 Version/12.00', '0000000000000000000000007f000001', '', ''),
('285e5fa4e017baf40bc38aee983c1c53', 1, 1321920941, 'Opera/9.80 (X11; Linux x86_64; U; Edition Next; ru) Presto/2.9.220 Version/12.00', '0000000000000000000000007f000001', '', ''),
('28d7fa370433110f24f78ac8c72971b9', 1, 1321922355, 'Opera/9.80 (X11; Linux x86_64; U; Edition Next; ru) Presto/2.9.220 Version/12.00', '0000000000000000000000007f000001', '', ''),
('28dc86ce5846421cc1762c8d9702df53', 1, 1321920236, 'Opera/9.80 (X11; Linux x86_64; U; Edition Next; ru) Presto/2.9.220 Version/12.00', '0000000000000000000000007f000001', '', ''),
('290a128f71cd9f2dd995a49d776d86f6', 1, 1321701570, 'Opera/9.80 (X11; Linux x86_64; U; Edition Next; ru) Presto/2.9.220 Version/12.00', '0000000000000000000000007f000001', '', ''),
('290ffc900ddda426ac382315006d8660', 1, 1321920445, 'Opera/9.80 (X11; Linux x86_64; U; Edition Next; ru) Presto/2.9.220 Version/12.00', '0000000000000000000000007f000001', '', ''),
('2967b00e5823d7dfecc645a10186371f', 1, 1321668698, 'Opera/9.80 (X11; Linux x86_64; U; Edition Next; ru) Presto/2.9.220 Version/12.00', '0000000000000000000000007f000001', '', ''),
('296dae0bf257377e75d506a29f69916c', 1, 1322085904, 'Opera/9.80 (X11; Linux x86_64; U; Edition Next; ru) Presto/2.9.220 Version/12.00', '0000000000000000000000007f000001', '', ''),
('2a0b2fedb0e42f8a02297c0d659ed1f3', 1, 1322090682, 'Opera/9.80 (X11; Linux x86_64; U; Edition Next; ru) Presto/2.9.220 Version/12.00', '0000000000000000000000007f000001', '', ''),
('2b350b8eda3994bc1606a9ca27e9a339', 1, 1322088069, 'Opera/9.80 (X11; Linux x86_64; U; Edition Next; ru) Presto/2.9.220 Version/12.00', '0000000000000000000000007f000001', '', ''),
('2b9d8bc01ea987f637f8bd3b2916f8ef', 1, 1321817795, 'Opera/9.80 (X11; Linux x86_64; U; Edition Next; ru) Presto/2.9.220 Version/12.00', '0000000000000000000000007f000001', '', ''),
('2bc1c4c31017e8b9d711c1b29fa7e7ce', 1, 1327699540, 'Opera/9.80 (X11; Linux x86_64; U; Edition Next; ru) Presto/2.10.238 Version/12.00', '0000000000000000000000007f000001', '', ''),
('2bd61c20d1230cf852856135e2ff5357', 1, 1321702006, 'Opera/9.80 (X11; Linux x86_64; U; Edition Next; ru) Presto/2.9.220 Version/12.00', '0000000000000000000000007f000001', '', ''),
('2bd998e3287589ac4d5161035d2160fd', 1, 1321921815, 'Opera/9.80 (X11; Linux x86_64; U; Edition Next; ru) Presto/2.9.220 Version/12.00', '0000000000000000000000007f000001', '', ''),
('2c1025ad63bcc02ddf4c11214622ef54', 1, 1321493184, 'Opera/9.80 (X11; Linux x86_64; U; Edition Next; ru) Presto/2.9.220 Version/12.00', '0000000000000000000000007f000001', '', ''),
('2c761a42b04e2735c21517e193ae613d', 1, 1322004249, 'Opera/9.80 (X11; Linux x86_64; U; Edition Next; ru) Presto/2.9.220 Version/12.00', '0000000000000000000000007f000001', '', ''),
('2d0fe50959b6190225f943c78a3b5daf', 1, 1321493062, 'Opera/9.80 (X11; Linux x86_64; U; Edition Next; ru) Presto/2.9.220 Version/12.00', '0000000000000000000000007f000001', '', ''),
('2daac959742c6989863a06b66901a134', 1, 1321656849, 'Opera/9.80 (X11; Linux x86_64; U; Edition Next; ru) Presto/2.9.220 Version/12.00', '0000000000000000000000007f000001', '', ''),
('2e0da71b9215ec5f7bf56af97bb2a18f', 1, 1322001404, 'Opera/9.80 (X11; Linux x86_64; U; Edition Next; ru) Presto/2.9.220 Version/12.00', '0000000000000000000000007f000001', '', ''),
('2eb37acf3a83bc86b04d82915bcb6dd6', 1, 1321663524, 'Opera/9.80 (X11; Linux x86_64; U; Edition Next; ru) Presto/2.9.220 Version/12.00', '0000000000000000000000007f000001', '', ''),
('2ed1fe4f846f5c118a0ff062a48f7894', 1, 1321570189, 'Opera/9.80 (X11; Linux x86_64; U; Edition Next; ru) Presto/2.9.220 Version/12.00', '0000000000000000000000007f000001', '', ''),
('2fe2bcc3ca828d3e18dcc040c1a541a8', 1, 1321921832, 'Opera/9.80 (X11; Linux x86_64; U; Edition Next; ru) Presto/2.9.220 Version/12.00', '0000000000000000000000007f000001', '', ''),
('31258d00ddb149de9866baf8c8bfe99d', 1, 1321996765, 'Opera/9.80 (X11; Linux x86_64; U; Edition Next; ru) Presto/2.9.220 Version/12.00', '0000000000000000000000007f000001', '', ''),
('31276d060912de30a6dcb0e691725c37', 1, 1321996506, 'Opera/9.80 (X11; Linux x86_64; U; Edition Next; ru) Presto/2.9.220 Version/12.00', '0000000000000000000000007f000001', '', ''),
('3183f1cf47f5b1b62c98810ba3a3cc0f', 1, 1321538554, 'Opera/9.80 (X11; Linux x86_64; U; Edition Next; ru) Presto/2.9.220 Version/12.00', '0000000000000000000000007f000001', '', ''),
('31d48f5bac21b8086648fe2c5f73cc3a', 1, 1321888572, 'Opera/9.80 (X11; Linux x86_64; U; Edition Next; ru) Presto/2.9.220 Version/12.00', '0000000000000000000000007f000001', '', ''),
('321181d427e4242305a52cba57f6e989', 1, 1321821004, 'Opera/9.80 (X11; Linux x86_64; U; Edition Next; ru) Presto/2.9.220 Version/12.00', '0000000000000000000000007f000001', '', ''),
('3339718fdeeddf3fe8624eefd1de21fc', 1, 1327699600, 'Opera/9.80 (X11; Linux x86_64; U; Edition Next; ru) Presto/2.10.238 Version/12.00', '0000000000000000000000007f000001', '', ''),
('33607f4e880a126ae7ae08ca5422f70c', 1, 1321888296, 'Opera/9.80 (X11; Linux x86_64; U; Edition Next; ru) Presto/2.9.220 Version/12.00', '0000000000000000000000007f000001', '', ''),
('33fe090d42eeff50ad118b2a39fd9f02', 1, 1321920590, 'Opera/9.80 (X11; Linux x86_64; U; Edition Next; ru) Presto/2.9.220 Version/12.00', '0000000000000000000000007f000001', '', ''),
('3470c337d10fef0509bf1613ceb75252', 1, 1321570360, 'Opera/9.80 (X11; Linux x86_64; U; Edition Next; ru) Presto/2.9.220 Version/12.00', '0000000000000000000000007f000001', '', ''),
('34b94edb3eaa8089c56e8823b12352dc', 1, 1321492726, 'Opera/9.80 (X11; Linux x86_64; U; Edition Next; ru) Presto/2.9.220 Version/12.00', '0000000000000000000000007f000001', '', ''),
('3580d9cebe050ec669decb03dbb182bf', 1, 1321888594, 'Opera/9.80 (X11; Linux x86_64; U; Edition Next; ru) Presto/2.9.220 Version/12.00', '0000000000000000000000007f000001', '', ''),
('3591e9992c5969d86a5b4edf24bf6b3e', 1, 1322004466, 'Opera/9.80 (X11; Linux x86_64; U; Edition Next; ru) Presto/2.9.220 Version/12.00', '0000000000000000000000007f000001', '', ''),
('3594a59f359a1c29169a35a26606cb50', 1, 1321921768, 'Opera/9.80 (X11; Linux x86_64; U; Edition Next; ru) Presto/2.9.220 Version/12.00', '0000000000000000000000007f000001', '', ''),
('360bf32e2855c395a299b93b9fdc352e', 1, 1322090565, 'Opera/9.80 (X11; Linux x86_64; U; Edition Next; ru) Presto/2.9.220 Version/12.00', '0000000000000000000000007f000001', '', ''),
('360f4171d89e5d2dc5a784a42b97e84a', 1, 1321916887, 'Mozilla/5.0 (X11; Linux x86_64) AppleWebKit/535.10 (KHTML, like Gecko) Ubuntu/11.10 Chromium/17.0.945.0 Chrome/17.0.945.0 Safari/535.10', '0000000000000000000000007f000001', '', ''),
('36730718efa8f554143e5400c74db254', 1, 1321792136, 'Opera/9.80 (X11; Linux x86_64; U; Edition Next; ru) Presto/2.9.220 Version/12.00', '0000000000000000000000007f000001', '', ''),
('368b16f9263515ed17fee580ea50c1fa', 1, 1321807577, 'Opera/9.80 (X11; Linux x86_64; U; Edition Next; ru) Presto/2.9.220 Version/12.00', '0000000000000000000000007f000001', '', ''),
('36a917c1d297cbc936a845213e7ac034', 1, 1321493028, 'Opera/9.80 (X11; Linux x86_64; U; Edition Next; ru) Presto/2.9.220 Version/12.00', '0000000000000000000000007f000001', '', ''),
('36b1ccae4977a5eff0951814cbf81ee8', 1, 1322087911, 'Opera/9.80 (X11; Linux x86_64; U; Edition Next; ru) Presto/2.9.220 Version/12.00', '0000000000000000000000007f000001', '', ''),
('36b7e2aac19a96adf473fee57ccb4eb1', 1, 1322001910, 'Opera/9.80 (X11; Linux x86_64; U; Edition Next; ru) Presto/2.9.220 Version/12.00', '0000000000000000000000007f000001', '', ''),
('36d8ff53f04f33b0c9249e04b3b36bfc', 1, 1321570568, 'Opera/9.80 (X11; Linux x86_64; U; Edition Next; ru) Presto/2.9.220 Version/12.00', '0000000000000000000000007f000001', '', ''),
('36fefe535257132b12e086ef4fbadf18', 1, 1321535524, 'Opera/9.80 (X11; Linux x86_64; U; Edition Next; ru) Presto/2.9.220 Version/12.00', '0000000000000000000000007f000001', '', ''),
('37681143979fc41202dabcc16f5179c2', 1, 1321702498, 'Opera/9.80 (X11; Linux x86_64; U; Edition Next; ru) Presto/2.9.220 Version/12.00', '0000000000000000000000007f000001', '', ''),
('37954ef6871bdba30391ac737d719c7a', 1, 1321921761, 'Opera/9.80 (X11; Linux x86_64; U; Edition Next; ru) Presto/2.9.220 Version/12.00', '0000000000000000000000007f000001', '', ''),
('37d72b829b7c08f55f70689309c2ee9d', 1, 1321535724, 'Opera/9.80 (X11; Linux x86_64; U; Edition Next; ru) Presto/2.9.220 Version/12.00', '0000000000000000000000007f000001', '', ''),
('37fe7483f3e261f7868047c067edc347', 1, 1322089208, 'Opera/9.80 (X11; Linux x86_64; U; Edition Next; ru) Presto/2.9.220 Version/12.00', '0000000000000000000000007f000001', '', ''),
('381cb550ece21a3414b3f0d33e7ac6b6', 1, 1321922257, 'Opera/9.80 (X11; Linux x86_64; U; Edition Next; ru) Presto/2.9.220 Version/12.00', '0000000000000000000000007f000001', '', ''),
('3829c56d3014b10a0510ea07b77afbb6', 1, 1321821413, 'Opera/9.80 (X11; Linux x86_64; U; Edition Next; ru) Presto/2.9.220 Version/12.00', '0000000000000000000000007f000001', '', ''),
('38a04abc3d786f176a729c2d1d8cc3bd', 1, 1321816141, 'Opera/9.80 (X11; Linux x86_64; U; Edition Next; ru) Presto/2.9.220 Version/12.00', '0000000000000000000000007f000001', '', ''),
('3ac1242edacc9bd7650480b3d399f5a9', 1, 1326754013, 'Opera/9.80 (X11; Linux x86_64; U; Edition Next; ru) Presto/2.10.238 Version/12.00', '0000000000000000000000007f000001', '', ''),
('3ac1811092d72017536f97b191e74b79', 1, 1321921990, 'Opera/9.80 (X11; Linux x86_64; U; Edition Next; ru) Presto/2.9.220 Version/12.00', '0000000000000000000000007f000001', '', ''),
('3c3ab436e25e3c7f64840108b806dae9', 1, 1322089067, 'Opera/9.80 (X11; Linux x86_64; U; Edition Next; ru) Presto/2.9.220 Version/12.00', '0000000000000000000000007f000001', '', ''),
('3cc2d2369cca3f1544271d1a421de206', 1, 1321921197, 'Opera/9.80 (X11; Linux x86_64; U; Edition Next; ru) Presto/2.9.220 Version/12.00', '0000000000000000000000007f000001', '', ''),
('3ceb476249efedfc5b42b84a8d38cfe8', 1, 1327680673, 'Opera/9.80 (X11; Linux x86_64; U; Edition Next; ru) Presto/2.10.238 Version/12.00', '0000000000000000000000007f000001', '', ''),
('3de6b487b575fd925654564db6f9c57e', 1, 1327540677, 'Opera/9.80 (X11; Linux x86_64; U; Edition Next; ru) Presto/2.10.238 Version/12.00', '0000000000000000000000007f000001', '', ''),
('3e205759fa5899c5b267582c09a7fd38', 1, 1321921294, 'Opera/9.80 (X11; Linux x86_64; U; Edition Next; ru) Presto/2.9.220 Version/12.00', '0000000000000000000000007f000001', '', ''),
('3ea8e5d148a42e80e3366d80111b0014', 1, 1322000511, 'Opera/9.80 (X11; Linux x86_64; U; Edition Next; ru) Presto/2.9.220 Version/12.00', '0000000000000000000000007f000001', '', ''),
('3ef9325009b779381c85b7fc99cadb92', 1, 1321665909, 'Opera/9.80 (X11; Linux x86_64; U; Edition Next; ru) Presto/2.9.220 Version/12.00', '0000000000000000000000007f000001', '', ''),
('3feb18071645d1f0a3551cbb108e7a27', 1, 1321538632, 'Opera/9.80 (X11; Linux x86_64; U; Edition Next; ru) Presto/2.9.220 Version/12.00', '0000000000000000000000007f000001', '', ''),
('405b1275d0f67b1cab3d5ee09b52f5f2', 1, 1327699498, 'Opera/9.80 (X11; Linux x86_64; U; Edition Next; ru) Presto/2.10.238 Version/12.00', '0000000000000000000000007f000001', '', ''),
('40a658d9e5649fad5eea79da8cf99e9f', 1, 1322003735, 'Opera/9.80 (X11; Linux x86_64; U; Edition Next; ru) Presto/2.9.220 Version/12.00', '0000000000000000000000007f000001', '', ''),
('41dc55c8cd937f14adde5e7c3010c8df', 1, 1321999299, 'Opera/9.80 (X11; Linux x86_64; U; Edition Next; ru) Presto/2.9.220 Version/12.00', '0000000000000000000000007f000001', '', ''),
('423e20864ae4a8ab5dfed3dae3d072fe', 1, 1322089852, 'Opera/9.80 (X11; Linux x86_64; U; Edition Next; ru) Presto/2.9.220 Version/12.00', '0000000000000000000000007f000001', '', ''),
('42c4b6ad37c1fb1f9a6adb00d548ceb5', 1, 1321921000, 'Opera/9.80 (X11; Linux x86_64; U; Edition Next; ru) Presto/2.9.220 Version/12.00', '0000000000000000000000007f000001', '', ''),
('42cd40d296d17e2948b375c7b9c0e8ba', 1, 1321816990, 'Opera/9.80 (X11; Linux x86_64; U; Edition Next; ru) Presto/2.9.220 Version/12.00', '0000000000000000000000007f000001', '', ''),
('4301baaeb12b247b277495c82b1fe4ac', 1, 1321492645, 'Opera/9.80 (X11; Linux x86_64; U; Edition Next; ru) Presto/2.9.220 Version/12.00', '0000000000000000000000007f000001', '', ''),
('431d158ed1bdb776f246a4b14dad4963', 1, 1321492951, 'Opera/9.80 (X11; Linux x86_64; U; Edition Next; ru) Presto/2.9.220 Version/12.00', '0000000000000000000000007f000001', '', ''),
('43d7d4b11a24e16c87aaa90fcad681dd', 1, 1322001751, 'Opera/9.80 (X11; Linux x86_64; U; Edition Next; ru) Presto/2.9.220 Version/12.00', '0000000000000000000000007f000001', '', ''),
('44c1faf18c5237016efaa93b2fa37292', 1, 1321819825, 'Opera/9.80 (X11; Linux x86_64; U; Edition Next; ru) Presto/2.9.220 Version/12.00', '0000000000000000000000007f000001', '', ''),
('457f6bedf181d84bb9e56c0e4375d1c3', 1, 1322003639, 'Opera/9.80 (X11; Linux x86_64; U; Edition Next; ru) Presto/2.9.220 Version/12.00', '0000000000000000000000007f000001', '', ''),
('45ceccda093dd0970880c17663450eb8', 1, 1321492807, 'Opera/9.80 (X11; Linux x86_64; U; Edition Next; ru) Presto/2.9.220 Version/12.00', '0000000000000000000000007f000001', '', ''),
('45e0893592cce8297e8cdc704a5f62ce', 1, 1326802045, 'Mozilla/5.0 (X11; Linux x86_64) AppleWebKit/535.14 (KHTML, like Gecko) Ubuntu/11.10 Chromium/18.0.974.0 Chrome/18.0.974.0 Safari/535.14', '0000000000000000000000007f000001', '', ''),
('46159bfa499935a7f70621f660a32c3c', 1, 1322004074, 'Opera/9.80 (X11; Linux x86_64; U; Edition Next; ru) Presto/2.9.220 Version/12.00', '0000000000000000000000007f000001', '', ''),
('46270c130f9344e15f3807ef6b210f27', 1, 1321999274, 'Opera/9.80 (X11; Linux x86_64; U; Edition Next; ru) Presto/2.9.220 Version/12.00', '0000000000000000000000007f000001', '', ''),
('46af5cdc52bfba89db0bca983e274ee1', 1, 1321821006, 'Opera/9.80 (X11; Linux x86_64; U; Edition Next; ru) Presto/2.9.220 Version/12.00', '0000000000000000000000007f000001', '', ''),
('46cf8d0b762b26d8c72e2e3954165616', 1, 1321532464, 'Opera/9.80 (X11; Linux x86_64; U; Edition Next; ru) Presto/2.9.220 Version/12.00', '0000000000000000000000007f000001', '', ''),
('4718925c872999fad86e47ebfcf6949d', 1, 1321922249, 'Opera/9.80 (X11; Linux x86_64; U; Edition Next; ru) Presto/2.9.220 Version/12.00', '0000000000000000000000007f000001', '', ''),
('4751e469877d667e2b24221209da138b', 1, 1321807462, 'Opera/9.80 (X11; Linux x86_64; U; Edition Next; ru) Presto/2.9.220 Version/12.00', '0000000000000000000000007f000001', '', ''),
('47e26cd6a697104d0992080219d902d5', 1, 1321920135, 'Opera/9.80 (X11; Linux x86_64; U; Edition Next; ru) Presto/2.9.220 Version/12.00', '0000000000000000000000007f000001', '', ''),
('47f65e389921c6b9a7a736f5868a18ea', 1, 1321535723, 'Opera/9.80 (X11; Linux x86_64; U; Edition Next; ru) Presto/2.9.220 Version/12.00', '0000000000000000000000007f000001', '', ''),
('489a3823f6e015c19079aa2f67e98905', 1, 1322001739, 'Opera/9.80 (X11; Linux x86_64; U; Edition Next; ru) Presto/2.9.220 Version/12.00', '0000000000000000000000007f000001', '', ''),
('491b38b2b4d6126518eec33792493fff', 1, 1322088835, 'Opera/9.80 (X11; Linux x86_64; U; Edition Next; ru) Presto/2.9.220 Version/12.00', '0000000000000000000000007f000001', '', ''),
('4a0b321043db119c41673081c1a6e14e', 1, 1321570189, 'Opera/9.80 (X11; Linux x86_64; U; Edition Next; ru) Presto/2.9.220 Version/12.00', '0000000000000000000000007f000001', '', ''),
('4a3a3e878b8ae889996332c6c1c07ba4', 1, 1327592583, 'Opera/9.80 (X11; Linux x86_64; U; Edition Next; ru) Presto/2.10.238 Version/12.00', '0000000000000000000000007f000001', '', ''),
('4ba66ebd2a305d733c9c2c2759869c84', 1, 1321916830, 'Opera/9.80 (X11; Linux x86_64; U; Edition Next; ru) Presto/2.9.220 Version/12.00', '0000000000000000000000007f000001', '', ''),
('4c0c8e183802b1d44392720d5a759d3d', 1, 1321657279, 'Opera/9.80 (X11; Linux x86_64; U; Edition Next; ru) Presto/2.9.220 Version/12.00', '0000000000000000000000007f000001', '', ''),
('4c0ead5c53fb11f47f4177ff7077b149', 1, 1321492593, 'Opera/9.80 (X11; Linux x86_64; U; Edition Next; ru) Presto/2.9.220 Version/12.00', '0000000000000000000000007f000001', '', ''),
('4c29e23bdde5804c4d48420bf2dcfef5', 1, 1322003973, 'Opera/9.80 (X11; Linux x86_64; U; Edition Next; ru) Presto/2.9.220 Version/12.00', '0000000000000000000000007f000001', '', ''),
('4c3fa2a77bfa98e19358784b30165901', 1, 1322004421, 'Opera/9.80 (X11; Linux x86_64; U; Edition Next; ru) Presto/2.9.220 Version/12.00', '0000000000000000000000007f000001', '', ''),
('4c7bc76343801cfca9191346c5432762', 1, 1321492805, 'Opera/9.80 (X11; Linux x86_64; U; Edition Next; ru) Presto/2.9.220 Version/12.00', '0000000000000000000000007f000001', '', ''),
('4d605faf410c99e0e48ebccfd58fc9ef', 1, 1322005119, 'Opera/9.80 (X11; Linux x86_64; U; Edition Next; ru) Presto/2.9.220 Version/12.00', '0000000000000000000000007f000001', '', ''),
('4dcc5a4c41b95db1ef83a5b4d87dc841', 1, 1322258009, 'Opera/9.80 (X11; Linux x86_64; U; Edition Next; ru) Presto/2.9.220 Version/12.00', '0000000000000000000000007f000001', '', ''),
('4dfe4d5d76aade528ac4ce094103fdb9', 1, 1321999913, 'Opera/9.80 (X11; Linux x86_64; U; Edition Next; ru) Presto/2.9.220 Version/12.00', '0000000000000000000000007f000001', '', ''),
('4e272d9e0e4d5c362d3a0ecdd6d37310', 1, 1326760708, 'Opera/9.80 (X11; Linux x86_64; U; Edition Next; ru) Presto/2.10.238 Version/12.00', '0000000000000000000000007f000001', '', ''),
('4f2bc88a3224042cdac8b0b1e8fb214c', 1, 1322004791, 'Opera/9.80 (X11; Linux x86_64; U; Edition Next; ru) Presto/2.9.220 Version/12.00', '0000000000000000000000007f000001', '', ''),
('4f2f78ed1693a0b9153f6d706ce05363', 1, 1321820671, 'Opera/9.80 (X11; Linux x86_64; U; Edition Next; ru) Presto/2.9.220 Version/12.00', '0000000000000000000000007f000001', '', ''),
('4fbcfaf084d0e55ba9f65355e4123763', 1, 1321921270, 'Opera/9.80 (X11; Linux x86_64; U; Edition Next; ru) Presto/2.9.220 Version/12.00', '0000000000000000000000007f000001', '', ''),
('50b70fa54d60f491ee0e1cd772821559', 1, 1321820660, 'Opera/9.80 (X11; Linux x86_64; U; Edition Next; ru) Presto/2.9.220 Version/12.00', '0000000000000000000000007f000001', '', ''),
('50c2ed0432af96fa7316dae982ee8a42', 1, 1321996187, 'Opera/9.80 (X11; Linux x86_64; U; Edition Next; ru) Presto/2.9.220 Version/12.00', '0000000000000000000000007f000001', '', ''),
('50dca5f5f86bca1466061172c1c5c970', 1, 1321701291, 'Opera/9.80 (X11; Linux x86_64; U; Edition Next; ru) Presto/2.9.220 Version/12.00', '0000000000000000000000007f000001', '', ''),
('51043b0a4b6ae7513a5b5dcdf2203c7d', 1, 1321663156, 'Opera/9.80 (X11; Linux x86_64; U; Edition Next; ru) Presto/2.9.220 Version/12.00', '0000000000000000000000007f000001', '', ''),
('5129c588828b2735503872ad2c87eccf', 1, 1321819577, 'Opera/9.80 (X11; Linux x86_64; U; Edition Next; ru) Presto/2.9.220 Version/12.00', '0000000000000000000000007f000001', '', ''),
('513310b02fba542d179935e9af8c138f', 1, 1326753779, 'Opera/9.80 (X11; Linux x86_64; U; Edition Next; ru) Presto/2.10.238 Version/12.00', '0000000000000000000000007f000001', '', ''),
('51e7190ca080c68e562f186095ab107f', 1, 1321664920, 'Opera/9.80 (X11; Linux x86_64; U; Edition Next; ru) Presto/2.9.220 Version/12.00', '0000000000000000000000007f000001', '', ''),
('525f5809792647d633f070db0353a720', 1, 1322001375, 'Opera/9.80 (X11; Linux x86_64; U; Edition Next; ru) Presto/2.9.220 Version/12.00', '0000000000000000000000007f000001', '', ''),
('52aed80ebe4398dc90c2e1f9d76d486e', 1, 1322001765, 'Opera/9.80 (X11; Linux x86_64; U; Edition Next; ru) Presto/2.9.220 Version/12.00', '0000000000000000000000007f000001', '', ''),
('530935765b1ec57c53b94e21d7ef27d9', 1, 1322089303, 'Opera/9.80 (X11; Linux x86_64; U; Edition Next; ru) Presto/2.9.220 Version/12.00', '0000000000000000000000007f000001', '', ''),
('541d3f2b18c629929504dd1534ee8c05', 1, 1321919070, 'Opera/9.80 (X11; Linux x86_64; U; Edition Next; ru) Presto/2.9.220 Version/12.00', '0000000000000000000000007f000001', '', ''),
('541ed32fc3723299e0250e1ee6582483', 1, 1324152598, 'Opera/9.80 (X11; Linux x86_64; U; Edition Next; ru) Presto/2.10.238 Version/12.00', '0000000000000000000000007f000001', '', ''),
('549a65b7ab8c3524cd98de9076fad815', 1, 1321792630, 'Opera/9.80 (X11; Linux x86_64; U; Edition Next; ru) Presto/2.9.220 Version/12.00', '0000000000000000000000007f000001', '', ''),
('54a1485f85ac8a582b3bd1da659e188f', 1, 1323034843, 'Opera/9.80 (X11; Linux x86_64; U; Edition Next; ru) Presto/2.10.238 Version/12.00', '0000000000000000000000007f000001', '', ''),
('54d1a63c88d5b014c143e0b5ada151da', 1, 1321999285, 'Opera/9.80 (X11; Linux x86_64; U; Edition Next; ru) Presto/2.9.220 Version/12.00', '0000000000000000000000007f000001', '', ''),
('558fa1fdb5c9750cf465dc4f50157918', 1, 1322090834, 'Opera/9.80 (X11; Linux x86_64; U; Edition Next; ru) Presto/2.9.220 Version/12.00', '0000000000000000000000007f000001', '', ''),
('57054888067d4678d0cf853c0aa9af76', 1, 1321700370, 'Opera/9.80 (X11; Linux x86_64; U; Edition Next; ru) Presto/2.9.220 Version/12.00', '0000000000000000000000007f000001', '', ''),
('57905473fd2f9f1d450b780272c337a9', 1, 1322002017, 'Opera/9.80 (X11; Linux x86_64; U; Edition Next; ru) Presto/2.9.220 Version/12.00', '0000000000000000000000007f000001', '', ''),
('5832a0707598bb64503c1259428c2505', 1, 1322088919, 'Opera/9.80 (X11; Linux x86_64; U; Edition Next; ru) Presto/2.9.220 Version/12.00', '0000000000000000000000007f000001', '', ''),
('5872055cc48f7af5979a87a15e131dfb', 1, 1321921768, 'Opera/9.80 (X11; Linux x86_64; U; Edition Next; ru) Presto/2.9.220 Version/12.00', '0000000000000000000000007f000001', '', ''),
('5931714a4aa87cf1dca0d20b7db05fb5', 1, 1322001796, 'Opera/9.80 (X11; Linux x86_64; U; Edition Next; ru) Presto/2.9.220 Version/12.00', '0000000000000000000000007f000001', '', ''),
('59707a3b8b4e4e703d62e52a4d86df71', 1, 1321533756, 'Opera/9.80 (X11; Linux x86_64; U; Edition Next; ru) Presto/2.9.220 Version/12.00', '0000000000000000000000007f000001', '', ''),
('5ad6d0e46e9387997b07ec061fffe870', 1, 1321665706, 'Opera/9.80 (X11; Linux x86_64; U; Edition Next; ru) Presto/2.9.220 Version/12.00', '0000000000000000000000007f000001', '', ''),
('5b1e549f8e20c8b4ad34d40c63f64615', 1, 1321922449, 'Opera/9.80 (X11; Linux x86_64; U; Edition Next; ru) Presto/2.9.220 Version/12.00', '0000000000000000000000007f000001', '', ''),
('5e321a4d6b7e2b58ab371ff3f99b09a9', 1, 1321569974, 'Opera/9.80 (X11; Linux x86_64; U; Edition Next; ru) Presto/2.9.220 Version/12.00', '0000000000000000000000007f000001', '', ''),
('5e408680e04990f9f6d3aaffbf073a2f', 1, 1321824701, 'Opera/9.80 (X11; Linux x86_64; U; Edition Next; ru) Presto/2.9.220 Version/12.00', '0000000000000000000000007f000001', '', ''),
('5e82cd2a8c5302e95a9e89b6f2168111', 1, 1321534875, 'Opera/9.80 (X11; Linux x86_64; U; Edition Next; ru) Presto/2.9.220 Version/12.00', '0000000000000000000000007f000001', '', ''),
('5ee813609e1529ee2bf0a430224a5b35', 1, 1322000813, 'Opera/9.80 (X11; Linux x86_64; U; Edition Next; ru) Presto/2.9.220 Version/12.00', '0000000000000000000000007f000001', '', ''),
('5f014d8e49779d2ff65b32ab7182ec44', 1, 1321664873, 'Opera/9.80 (X11; Linux x86_64; U; Edition Next; ru) Presto/2.9.220 Version/12.00', '0000000000000000000000007f000001', '', ''),
('5f0c484cb741d542ad412775ad6bffa9', 1, 1321663913, 'Opera/9.80 (X11; Linux x86_64; U; Edition Next; ru) Presto/2.9.220 Version/12.00', '0000000000000000000000007f000001', '', ''),
('5f336b21abc979776a58eb52873271a9', 1, 1321533554, 'Opera/9.80 (X11; Linux x86_64; U; Edition Next; ru) Presto/2.9.220 Version/12.00', '0000000000000000000000007f000001', '', ''),
('61288a6f2b2d4a0b720ca9413f23ef4a', 1, 1326761105, 'Opera/9.80 (X11; Linux x86_64; U; Edition Next; ru) Presto/2.10.238 Version/12.00', '0000000000000000000000007f000001', '', ''),
('61688934dd914a28385d112ad2742446', 1, 1321667774, 'Opera/9.80 (X11; Linux x86_64; U; Edition Next; ru) Presto/2.9.220 Version/12.00', '0000000000000000000000007f000001', '', ''),
('619b1ea5be88bb7f9b14699aee270a88', 1, 1321492858, 'Opera/9.80 (X11; Linux x86_64; U; Edition Next; ru) Presto/2.9.220 Version/12.00', '0000000000000000000000007f000001', '', ''),
('61ab548b169ef1a9589f115f0de1aa00', 1, 1322005121, 'Opera/9.80 (X11; Linux x86_64; U; Edition Next; ru) Presto/2.9.220 Version/12.00', '0000000000000000000000007f000001', '', ''),
('620e425c35039c13f8b960e9d0b3735f', 1, 1321492139, 'Opera/9.80 (X11; Linux x86_64; U; Edition Next; ru) Presto/2.9.220 Version/12.00', '0000000000000000000000007f000001', '', ''),
('62566d254f1da742e0eaaf4a6efd9b14', 1, 1322001844, 'Opera/9.80 (X11; Linux x86_64; U; Edition Next; ru) Presto/2.9.220 Version/12.00', '0000000000000000000000007f000001', '', ''),
('62c2a63c1506ed31dc63c1ac8d46c465', 1, 1321921556, 'Opera/9.80 (X11; Linux x86_64; U; Edition Next; ru) Presto/2.9.220 Version/12.00', '0000000000000000000000007f000001', '', ''),
('62f89d259aef2562d4c0d1d58ef4fbe8', 1, 1321493096, 'Opera/9.80 (X11; Linux x86_64; U; Edition Next; ru) Presto/2.9.220 Version/12.00', '0000000000000000000000007f000001', '', ''),
('62ff507894a70f7bb1bcf10f8b98e5ef', 1, 1322001909, 'Opera/9.80 (X11; Linux x86_64; U; Edition Next; ru) Presto/2.9.220 Version/12.00', '0000000000000000000000007f000001', '', ''),
('631f7b21b56d4fb1032edc2ed098c7c1', 1, 1327589906, 'Opera/9.80 (X11; Linux x86_64; U; Edition Next; ru) Presto/2.10.238 Version/12.00', '0000000000000000000000007f000001', '', ''),
('63b60a6819191bade7318df5d96f2d7f', 1, 1321921055, 'Opera/9.80 (X11; Linux x86_64; U; Edition Next; ru) Presto/2.9.220 Version/12.00', '0000000000000000000000007f000001', '', ''),
('64913c3b1e3dfb7b7a939349b9585860', 1, 1321819824, 'Opera/9.80 (X11; Linux x86_64; U; Edition Next; ru) Presto/2.9.220 Version/12.00', '0000000000000000000000007f000001', '', ''),
('660c9a83d2d1df1cf99ed79222a3ee99', 1, 1321816672, 'Opera/9.80 (X11; Linux x86_64; U; Edition Next; ru) Presto/2.9.220 Version/12.00', '0000000000000000000000007f000001', '', ''),
('66e3799c36b46748274f3341673fa195', 1, 1321816675, 'Opera/9.80 (X11; Linux x86_64; U; Edition Next; ru) Presto/2.9.220 Version/12.00', '0000000000000000000000007f000001', '', ''),
('674b5a1849824e7ffe7ceb00c8ffdd44', 1, 1321920942, 'Opera/9.80 (X11; Linux x86_64; U; Edition Next; ru) Presto/2.9.220 Version/12.00', '0000000000000000000000007f000001', '', ''),
('67557d56ecbf46d951da49cafa9c8df8', 1, 1321694551, 'Opera/9.80 (X11; Linux x86_64; U; Edition Next; ru) Presto/2.9.220 Version/12.00', '0000000000000000000000007f000001', '', ''),
('6787186e89af8707bd0d9c9cf7de15f4', 1, 1322088162, 'Opera/9.80 (X11; Linux x86_64; U; Edition Next; ru) Presto/2.9.220 Version/12.00', '0000000000000000000000007f000001', '', ''),
('67f02676e2974adc334450c9d4ec8186', 1, 1321533289, 'Opera/9.80 (X11; Linux x86_64; U; Edition Next; ru) Presto/2.9.220 Version/12.00', '0000000000000000000000007f000001', '', ''),
('68a6b03faa9a2b1fec2a810a29d6f610', 1, 1321656020, 'Opera/9.80 (X11; Linux x86_64; U; Edition Next; ru) Presto/2.9.220 Version/12.00', '0000000000000000000000007f000001', '', ''),
('68e4e28b8f63e4e36078680b91099e6f', 1, 1321812647, 'Opera/9.80 (X11; Linux x86_64; U; Edition Next; ru) Presto/2.9.220 Version/12.00', '0000000000000000000000007f000001', '', ''),
('6a8421bb2fb3ea549a9aba70d39cc5fc', 1, 1321536249, 'Opera/9.80 (X11; Linux x86_64; U; Edition Next; ru) Presto/2.9.220 Version/12.00', '0000000000000000000000007f000001', '', ''),
('6af9d6eed70a542f6b5730192ce3baf1', 1, 1321999203, 'Opera/9.80 (X11; Linux x86_64; U; Edition Next; ru) Presto/2.9.220 Version/12.00', '0000000000000000000000007f000001', '', ''),
('6ba4eca051006f75d09bc07fa1b11e5a', 1, 1321663038, 'Opera/9.80 (X11; Linux x86_64; U; Edition Next; ru) Presto/2.9.220 Version/12.00', '0000000000000000000000007f000001', '', ''),
('6c526b39ee8a427711f20e25a65c5af3', 1, 1321570328, 'Opera/9.80 (X11; Linux x86_64; U; Edition Next; ru) Presto/2.9.220 Version/12.00', '0000000000000000000000007f000001', '', ''),
('6c60bca12a4b8fd537898b194504f8e8', 1, 1321668698, 'Opera/9.80 (X11; Linux x86_64; U; Edition Next; ru) Presto/2.9.220 Version/12.00', '0000000000000000000000007f000001', '', ''),
('6c6b7851f2171d157a5592aee5f88358', 1, 1321807208, 'Opera/9.80 (X11; Linux x86_64; U; Edition Next; ru) Presto/2.9.220 Version/12.00', '0000000000000000000000007f000001', '', ''),
('6cfd7b67f5df352ecbba4a34bc700334', 1, 1321921273, 'Opera/9.80 (X11; Linux x86_64; U; Edition Next; ru) Presto/2.9.220 Version/12.00', '0000000000000000000000007f000001', '', ''),
('6d90a347bc1aea55641d34506e47c19b', 1, 1321536613, 'Opera/9.80 (X11; Linux x86_64; U; Edition Next; ru) Presto/2.9.220 Version/12.00', '0000000000000000000000007f000001', '', ''),
('6e059dfbb099b42e4c838c3975c1a1ae', 1, 1322004497, 'Opera/9.80 (X11; Linux x86_64; U; Edition Next; ru) Presto/2.9.220 Version/12.00', '0000000000000000000000007f000001', '', ''),
('6ec663b6da14f4a3165a7e4c1e0bf4a9', 1, 1321492805, 'Opera/9.80 (X11; Linux x86_64; U; Edition Next; ru) Presto/2.9.220 Version/12.00', '0000000000000000000000007f000001', '', ''),
('6f0432fd6b4be936a543b310430a256b', 1, 1322001572, 'Opera/9.80 (X11; Linux x86_64; U; Edition Next; ru) Presto/2.9.220 Version/12.00', '0000000000000000000000007f000001', '', ''),
('6f7ff3b02b991eb2244df5e140043397', 1, 1321807526, 'Opera/9.80 (X11; Linux x86_64; U; Edition Next; ru) Presto/2.9.220 Version/12.00', '0000000000000000000000007f000001', '', ''),
('6f9b0de3cfded1abd10b4616b9fb3641', 1, 1321921052, 'Opera/9.80 (X11; Linux x86_64; U; Edition Next; ru) Presto/2.9.220 Version/12.00', '0000000000000000000000007f000001', '', ''),
('6fdc82ff2fd90b8ecd914c3414294732', 1, 1321792493, 'Opera/9.80 (X11; Linux x86_64; U; Edition Next; ru) Presto/2.9.220 Version/12.00', '0000000000000000000000007f000001', '', ''),
('701119f403b6d9ba7fb2dc77ac42266f', 1, 1321492802, 'Opera/9.80 (X11; Linux x86_64; U; Edition Next; ru) Presto/2.9.220 Version/12.00', '0000000000000000000000007f000001', '', ''),
('708ddc7402f107d51f988d5d48be5178', 1, 1323473251, 'Opera/9.80 (X11; Linux x86_64; U; Edition Next; ru) Presto/2.10.238 Version/12.00', '0000000000000000000000007f000001', '', ''),
('7103044b304597ea5fe8d644a00d4931', 1, 1322089429, 'Opera/9.80 (X11; Linux x86_64; U; Edition Next; ru) Presto/2.9.220 Version/12.00', '0000000000000000000000007f000001', '', ''),
('71e9ed0fc562574b029a98a62b61d81e', 1, 1321806790, 'Opera/9.80 (X11; Linux x86_64; U; Edition Next; ru) Presto/2.9.220 Version/12.00', '0000000000000000000000007f000001', '', ''),
('7256c831c01605219ed39c32e84aa006', 1, 1321921172, 'Opera/9.80 (X11; Linux x86_64; U; Edition Next; ru) Presto/2.9.220 Version/12.00', '0000000000000000000000007f000001', '', ''),
('72737db4f1f0b1bd3e1d0c394ccf505a', 1, 1327592585, 'Opera/9.80 (X11; Linux x86_64; U; Edition Next; ru) Presto/2.10.238 Version/12.00', '0000000000000000000000007f000001', '', ''),
('7462d3945318dbc917f61036c470bb6b', 1, 1321817599, 'Opera/9.80 (X11; Linux x86_64; U; Edition Next; ru) Presto/2.9.220 Version/12.00', '0000000000000000000000007f000001', '', ''),
('74be8fcc419a657ce81671a8d3071b69', 1, 1321999459, 'Opera/9.80 (X11; Linux x86_64; U; Edition Next; ru) Presto/2.9.220 Version/12.00', '0000000000000000000000007f000001', '', ''),
('74f44f25052263ced56a7a78128494b5', 1, 1321492597, 'Opera/9.80 (X11; Linux x86_64; U; Edition Next; ru) Presto/2.9.220 Version/12.00', '0000000000000000000000007f000001', '', ''),
('751fc9fb984a489edc1ac662dd6e46ee', 1, 1321533205, 'Opera/9.80 (X11; Linux x86_64; U; Edition Next; ru) Presto/2.9.220 Version/12.00', '0000000000000000000000007f000001', '', ''),
('758668b1ae8829750d9f63a160530777', 1, 1321920988, 'Opera/9.80 (X11; Linux x86_64; U; Edition Next; ru) Presto/2.9.220 Version/12.00', '0000000000000000000000007f000001', '', ''),
('758e43e74cfa6e85984a4c209982de19', 1, 1321807182, 'Opera/9.80 (X11; Linux x86_64; U; Edition Next; ru) Presto/2.9.220 Version/12.00', '0000000000000000000000007f000001', '', ''),
('760ad93f2a252d18c16ba94ec697db55', 1, 1321665919, 'Opera/9.80 (X11; Linux x86_64; U; Edition Next; ru) Presto/2.9.220 Version/12.00', '0000000000000000000000007f000001', '', ''),
('760e57b905920c7cc9b02664c4f2d3e2', 1, 1321816919, 'Opera/9.80 (X11; Linux x86_64; U; Edition Next; ru) Presto/2.9.220 Version/12.00', '0000000000000000000000007f000001', '', ''),
('765a42c47e2f778be2ba2f897839f987', 1, 1322003911, 'Opera/9.80 (X11; Linux x86_64; U; Edition Next; ru) Presto/2.9.220 Version/12.00', '0000000000000000000000007f000001', '', ''),
('7675054e82d134cd6218c3b2ed68706f', 1, 1321820948, 'Opera/9.80 (X11; Linux x86_64; U; Edition Next; ru) Presto/2.9.220 Version/12.00', '0000000000000000000000007f000001', '', ''),
('76f609e86d935a7359e7d2d513e6560c', 1, 1322088062, 'Opera/9.80 (X11; Linux x86_64; U; Edition Next; ru) Presto/2.9.220 Version/12.00', '0000000000000000000000007f000001', '', ''),
('77f3e5dc4f29647c3e008d7680043316', 1, 1326802549, 'Mozilla/5.0 (X11; Linux x86_64) AppleWebKit/535.14 (KHTML, like Gecko) Ubuntu/11.10 Chromium/18.0.974.0 Chrome/18.0.974.0 Safari/535.14', '0000000000000000000000007f000001', '', ''),
('78632d51470e57904f9653473bee1672', 1, 1321492806, 'Opera/9.80 (X11; Linux x86_64; U; Edition Next; ru) Presto/2.9.220 Version/12.00', '0000000000000000000000007f000001', '', ''),
('787c8805e893928465bfa7d1c642505a', 1, 1322090717, 'Opera/9.80 (X11; Linux x86_64; U; Edition Next; ru) Presto/2.9.220 Version/12.00', '0000000000000000000000007f000001', '', ''),
('79b7a68cef38b8b07a5d94233e0648d1', 1, 1321656049, 'Opera/9.80 (X11; Linux x86_64; U; Edition Next; ru) Presto/2.9.220 Version/12.00', '0000000000000000000000007f000001', '', ''),
('7a16c18382617ab3b8f8d4b1cc995aec', 1, 1321492627, 'Opera/9.80 (X11; Linux x86_64; U; Edition Next; ru) Presto/2.9.220 Version/12.00', '0000000000000000000000007f000001', '', '');
INSERT INTO `prefix_sessions` (`id`, `user`, `expire`, `user_agent`, `ip`, `forwarded_for`, `client_ip`) VALUES
('7a1da47fc530eda7bee9b3da9a1182d6', 1, 1324162738, 'Mozilla/5.0 (X11; Linux x86_64) AppleWebKit/535.14 (KHTML, like Gecko) Ubuntu/11.10 Chromium/18.0.972.0 Chrome/18.0.972.0 Safari/535.14', '0000000000000000000000007f000001', '', ''),
('7ab38e23257efa3d658633472a7ad5d3', 1, 1322001688, 'Opera/9.80 (X11; Linux x86_64; U; Edition Next; ru) Presto/2.9.220 Version/12.00', '0000000000000000000000007f000001', '', ''),
('7b20528b18e8e41cca81c544b0d8435b', 1, 1321922234, 'Opera/9.80 (X11; Linux x86_64; U; Edition Next; ru) Presto/2.9.220 Version/12.00', '0000000000000000000000007f000001', '', ''),
('7b4e416889d58a894840b858d5a721f2', 1, 1321702878, 'Opera/9.80 (X11; Linux x86_64; U; Edition Next; ru) Presto/2.9.220 Version/12.00', '0000000000000000000000007f000001', '', ''),
('7c3ebf8f543b0fe01b5f63cf92897ca4', 1, 1327284167, 'Mozilla/5.0 (Ubuntu; X11; Linux x86_64; rv:8.0) Gecko/20100101 Firefox/8.0', '0000000000000000000000007f000001', '', ''),
('7c710f4e5bfc903a56e109cd74a153e8', 1, 1321493181, 'Opera/9.80 (X11; Linux x86_64; U; Edition Next; ru) Presto/2.9.220 Version/12.00', '0000000000000000000000007f000001', '', ''),
('7cbb8b2179da7cf28089b22cbfbb36ae', 1, 1321825367, 'Opera/9.80 (X11; Linux x86_64; U; Edition Next; ru) Presto/2.9.220 Version/12.00', '0000000000000000000000007f000001', '', ''),
('7cccf3bfa4f4c8d6495b6e157f7d6fe7', 1, 1322090551, 'Opera/9.80 (X11; Linux x86_64; U; Edition Next; ru) Presto/2.9.220 Version/12.00', '0000000000000000000000007f000001', '', ''),
('7e0b7a85eb9a78a381a4e351c2da9835', 1, 1321701498, 'Opera/9.80 (X11; Linux x86_64; U; Edition Next; ru) Presto/2.9.220 Version/12.00', '0000000000000000000000007f000001', '', ''),
('7e9523e01ac46182d44b6f8ca8c265c4', 1, 1322001948, 'Opera/9.80 (X11; Linux x86_64; U; Edition Next; ru) Presto/2.9.220 Version/12.00', '0000000000000000000000007f000001', '', ''),
('7eb9fdd6799a682f3b1fd56ae89a220c', 1, 1321920995, 'Opera/9.80 (X11; Linux x86_64; U; Edition Next; ru) Presto/2.9.220 Version/12.00', '0000000000000000000000007f000001', '', ''),
('7f5d990032744d66062221112261a62a', 1, 1321702785, 'Opera/9.80 (X11; Linux x86_64; U; Edition Next; ru) Presto/2.9.220 Version/12.00', '0000000000000000000000007f000001', '', ''),
('7f929454205327ca5465df9de628fe3a', 1, 1321921135, 'Opera/9.80 (X11; Linux x86_64; U; Edition Next; ru) Presto/2.9.220 Version/12.00', '0000000000000000000000007f000001', '', ''),
('814b33c9898dd91034663af158698aea', 1, 1321792435, 'Opera/9.80 (X11; Linux x86_64; U; Edition Next; ru) Presto/2.9.220 Version/12.00', '0000000000000000000000007f000001', '', ''),
('815abbf58fae12d8a2bed19ffda3fff3', 1, 1321821042, 'Opera/9.80 (X11; Linux x86_64; U; Edition Next; ru) Presto/2.9.220 Version/12.00', '0000000000000000000000007f000001', '', ''),
('81966e1b880c0ac84bc964bd61987138', 1, 1321922432, 'Opera/9.80 (X11; Linux x86_64; U; Edition Next; ru) Presto/2.9.220 Version/12.00', '0000000000000000000000007f000001', '', ''),
('82c378d09aa4927834688bd17ad89c54', 1, 1327700588, 'Opera/9.80 (X11; Linux x86_64; U; Edition Next; ru) Presto/2.10.238 Version/12.00', '0000000000000000000000007f000001', '', ''),
('82d9062d73268ad867c68fb4d9273fb0', 1, 1322001354, 'Opera/9.80 (X11; Linux x86_64; U; Edition Next; ru) Presto/2.9.220 Version/12.00', '0000000000000000000000007f000001', '', ''),
('839f9eb775eb0fd8e55d994e2866a904', 1, 1321820662, 'Opera/9.80 (X11; Linux x86_64; U; Edition Next; ru) Presto/2.9.220 Version/12.00', '0000000000000000000000007f000001', '', ''),
('8453589b65bb9c37f6376550f814bff6', 1, 1322088973, 'Opera/9.80 (X11; Linux x86_64; U; Edition Next; ru) Presto/2.9.220 Version/12.00', '0000000000000000000000007f000001', '', ''),
('852382332020739a9465013310f6686c', 1, 1321534951, 'Opera/9.80 (X11; Linux x86_64; U; Edition Next; ru) Presto/2.9.220 Version/12.00', '0000000000000000000000007f000001', '', ''),
('853602e7cbffeb340b47798c9e4deaf1', 1, 1321535742, 'Opera/9.80 (X11; Linux x86_64; U; Edition Next; ru) Presto/2.9.220 Version/12.00', '0000000000000000000000007f000001', '', ''),
('853a6513d4fef1df8e93c36ddf365b4a', 1, 1321821304, 'Opera/9.80 (X11; Linux x86_64; U; Edition Next; ru) Presto/2.9.220 Version/12.00', '0000000000000000000000007f000001', '', ''),
('854f3dfe89e184d596c316f2fb8385c8', 1, 1321921194, 'Opera/9.80 (X11; Linux x86_64; U; Edition Next; ru) Presto/2.9.220 Version/12.00', '0000000000000000000000007f000001', '', ''),
('8565d4ec6e75c27c09a67b0459fc2ac6', 1, 1326802581, 'Mozilla/5.0 (X11; Linux x86_64) AppleWebKit/535.14 (KHTML, like Gecko) Ubuntu/11.10 Chromium/18.0.974.0 Chrome/18.0.974.0 Safari/535.14', '0000000000000000000000007f000001', '', ''),
('8592fc96c0cb7f4513cedc90133d7e26', 1, 1321820644, 'Opera/9.80 (X11; Linux x86_64; U; Edition Next; ru) Presto/2.9.220 Version/12.00', '0000000000000000000000007f000001', '', ''),
('86565f09544a403a0c0dcd1278f0136d', 1, 1321492797, 'Opera/9.80 (X11; Linux x86_64; U; Edition Next; ru) Presto/2.9.220 Version/12.00', '0000000000000000000000007f000001', '', ''),
('86b3d0af446e7b6d07d2f8575a229f29', 1, 1321922214, 'Opera/9.80 (X11; Linux x86_64; U; Edition Next; ru) Presto/2.9.220 Version/12.00', '0000000000000000000000007f000001', '', ''),
('86f475e728efa814d9ee7e7b15965931', 1, 1322089181, 'Opera/9.80 (X11; Linux x86_64; U; Edition Next; ru) Presto/2.9.220 Version/12.00', '0000000000000000000000007f000001', '', ''),
('872a34075b64ae3bae8829413a9a3d3b', 1, 1321667007, 'Opera/9.80 (X11; Linux x86_64; U; Edition Next; ru) Presto/2.9.220 Version/12.00', '0000000000000000000000007f000001', '', ''),
('87f62c9ac1875b0dcd2917a0027c91f5', 1, 1321667007, 'Opera/9.80 (X11; Linux x86_64; U; Edition Next; ru) Presto/2.9.220 Version/12.00', '0000000000000000000000007f000001', '', ''),
('87fc4db3821f2e1dae3df64a7894b4c7', 1, 1321792668, 'Mozilla/5.0 (X11; Linux x86_64) AppleWebKit/535.8 (KHTML, like Gecko) Ubuntu/11.10 Chromium/17.0.943.0 Chrome/17.0.943.0 Safari/535.8', '0000000000000000000000007f000001', '', ''),
('884439799ceadd1d98d6b984a0df54c2', 1, 1321493046, 'Opera/9.80 (X11; Linux x86_64; U; Edition Next; ru) Presto/2.9.220 Version/12.00', '0000000000000000000000007f000001', '', ''),
('887cdd1f82bdeebba9ffe7b719c0b020', 1, 1322090094, 'Opera/9.80 (X11; Linux x86_64; U; Edition Next; ru) Presto/2.9.220 Version/12.00', '0000000000000000000000007f000001', '', ''),
('88ae151c643e7c085f5a85a929729260', 1, 1322090261, 'Opera/9.80 (X11; Linux x86_64; U; Edition Next; ru) Presto/2.9.220 Version/12.00', '0000000000000000000000007f000001', '', ''),
('8921d3810572e7c4a21a839d271ca356', 1, 1321821308, 'Opera/9.80 (X11; Linux x86_64; U; Edition Next; ru) Presto/2.9.220 Version/12.00', '0000000000000000000000007f000001', '', ''),
('8b041afa7c58e34a3afefd5f6dcaf549', 1, 1321702361, 'Opera/9.80 (X11; Linux x86_64; U; Edition Next; ru) Presto/2.9.220 Version/12.00', '0000000000000000000000007f000001', '', ''),
('8b245fcf43355b22217c07a8c01fea45', 1, 1321821576, 'Opera/9.80 (X11; Linux x86_64; U; Edition Next; ru) Presto/2.9.220 Version/12.00', '0000000000000000000000007f000001', '', ''),
('8b550157364ab4b16d9f1094858c3b51', 1, 1321921538, 'Opera/9.80 (X11; Linux x86_64; U; Edition Next; ru) Presto/2.9.220 Version/12.00', '0000000000000000000000007f000001', '', ''),
('8b7423ef58eaa8a885e5957dfc3ae61f', 1, 1321491923, 'Opera/9.80 (X11; Linux x86_64; U; Edition Next; ru) Presto/2.9.220 Version/12.00', '0000000000000000000000007f000001', '', ''),
('8b95a0256167c0424c8ea8c60d31c226', 1, 1322001706, 'Opera/9.80 (X11; Linux x86_64; U; Edition Next; ru) Presto/2.9.220 Version/12.00', '0000000000000000000000007f000001', '', ''),
('8bdd3743618df667a13b0298169a0be7', 1, 1322090853, 'Opera/9.80 (X11; Linux x86_64; U; Edition Next; ru) Presto/2.9.220 Version/12.00', '0000000000000000000000007f000001', '', ''),
('8be5330b8fc02c69838143a8f3483e05', 1, 1321817597, 'Opera/9.80 (X11; Linux x86_64; U; Edition Next; ru) Presto/2.9.220 Version/12.00', '0000000000000000000000007f000001', '', ''),
('8c903c43e3a8b417a6399a93894ab668', 1, 1321821418, 'Opera/9.80 (X11; Linux x86_64; U; Edition Next; ru) Presto/2.9.220 Version/12.00', '0000000000000000000000007f000001', '', ''),
('8cef87c3e746ed1dcff6ec3ab29325ff', 1, 1321792203, 'Opera/9.80 (X11; Linux x86_64; U; Edition Next; ru) Presto/2.9.220 Version/12.00', '0000000000000000000000007f000001', '', ''),
('8d5233310bf07bb712194b147f89879e', 1, 1322004580, 'Opera/9.80 (X11; Linux x86_64; U; Edition Next; ru) Presto/2.9.220 Version/12.00', '0000000000000000000000007f000001', '', ''),
('8e2e8bf05a5f9593657c2603b9c119da', 1, 1322089437, 'Opera/9.80 (X11; Linux x86_64; U; Edition Next; ru) Presto/2.9.220 Version/12.00', '0000000000000000000000007f000001', '', ''),
('8e2f30042e83b7a76267a05f8fe51f1d', 1, 1321920736, 'Opera/9.80 (X11; Linux x86_64; U; Edition Next; ru) Presto/2.9.220 Version/12.00', '0000000000000000000000007f000001', '', ''),
('8f4e89e46ea8168fd5334dd4187a83ec', 1, 1322004188, 'Opera/9.80 (X11; Linux x86_64; U; Edition Next; ru) Presto/2.9.220 Version/12.00', '0000000000000000000000007f000001', '', ''),
('8f859c354f79056b91c7518ed220ed07', 1, 1321996513, 'Opera/9.80 (X11; Linux x86_64; U; Edition Next; ru) Presto/2.9.220 Version/12.00', '0000000000000000000000007f000001', '', ''),
('8fe0069612099227ee362b676febf1cf', 1, 1321999541, 'Opera/9.80 (X11; Linux x86_64; U; Edition Next; ru) Presto/2.9.220 Version/12.00', '0000000000000000000000007f000001', '', ''),
('9008561231ab392694013236068cc42e', 1, 1321820461, 'Opera/9.80 (X11; Linux x86_64; U; Edition Next; ru) Presto/2.9.220 Version/12.00', '0000000000000000000000007f000001', '', ''),
('90222c91ff2fa0eb45f67f124b986511', 1, 1321657666, 'Opera/9.80 (X11; Linux x86_64; U; Edition Next; ru) Presto/2.9.220 Version/12.00', '0000000000000000000000007f000001', '', ''),
('905965979773af1f2e27c425b9a91d1d', 1, 1322090822, 'Opera/9.80 (X11; Linux x86_64; U; Edition Next; ru) Presto/2.9.220 Version/12.00', '0000000000000000000000007f000001', '', ''),
('919afbc92aeab19b8581519030b14959', 1, 1326760960, 'Opera/9.80 (X11; Linux x86_64; U; Edition Next; ru) Presto/2.10.238 Version/12.00', '0000000000000000000000007f000001', '', ''),
('91a1fbe96bafef3e405ec052f027523a', 1, 1322003941, 'Opera/9.80 (X11; Linux x86_64; U; Edition Next; ru) Presto/2.9.220 Version/12.00', '0000000000000000000000007f000001', '', ''),
('921c8870b7e5aacb510cf0c497752fd2', 1, 1321538282, 'Opera/9.80 (X11; Linux x86_64; U; Edition Next; ru) Presto/2.9.220 Version/12.00', '0000000000000000000000007f000001', '', ''),
('93619f98a0b59c2f42bd9d508d2ae2a1', 1, 1321812699, 'Opera/9.80 (X11; Linux x86_64; U; Edition Next; ru) Presto/2.9.220 Version/12.00', '0000000000000000000000007f000001', '', ''),
('9382ae70a10a9958058fbc592008066e', 1, 1327681298, 'Mozilla/5.0 (X11; Linux x86_64) AppleWebKit/535.15 (KHTML, like Gecko) Ubuntu/11.10 Chromium/18.0.984.0 Chrome/18.0.984.0 Safari/535.15', '0000000000000000000000007f000001', '', ''),
('946eec93f639f81509b75ceb97e86e2e', 1, 1321921173, 'Opera/9.80 (X11; Linux x86_64; U; Edition Next; ru) Presto/2.9.220 Version/12.00', '0000000000000000000000007f000001', '', ''),
('94f010939f8488e0c35a7f142e746f3d', 1, 1321667680, 'Opera/9.80 (X11; Linux x86_64; U; Edition Next; ru) Presto/2.9.220 Version/12.00', '0000000000000000000000007f000001', '', ''),
('95026370accd9a848999960c67394156', 1, 1321817091, 'Opera/9.80 (X11; Linux x86_64; U; Edition Next; ru) Presto/2.9.220 Version/12.00', '0000000000000000000000007f000001', '', ''),
('95aa9709fef97ac5942fce257b0a433c', 1, 1321807579, 'Opera/9.80 (X11; Linux x86_64; U; Edition Next; ru) Presto/2.9.220 Version/12.00', '0000000000000000000000007f000001', '', ''),
('95e2c8e8f34e120ebf8e3e51c63f5a52', 1, 1321921074, 'Opera/9.80 (X11; Linux x86_64; U; Edition Next; ru) Presto/2.9.220 Version/12.00', '0000000000000000000000007f000001', '', ''),
('95f15cf9826867db0309ad85255ddde0', 1, 1327673565, 'Opera/9.80 (X11; Linux x86_64; U; Edition Next; ru) Presto/2.10.238 Version/12.00', '0000000000000000000000007f000001', '', ''),
('9648cd6456a1f9dc1c1810854a4fe3f9', 1, 1321807524, 'Opera/9.80 (X11; Linux x86_64; U; Edition Next; ru) Presto/2.9.220 Version/12.00', '0000000000000000000000007f000001', '', ''),
('96810810178129439afc41f791ce38ee', 1, 1322001744, 'Opera/9.80 (X11; Linux x86_64; U; Edition Next; ru) Presto/2.9.220 Version/12.00', '0000000000000000000000007f000001', '', ''),
('96e0aa5d262864fb41049d49201fb644', 1, 1322089268, 'Opera/9.80 (X11; Linux x86_64; U; Edition Next; ru) Presto/2.9.220 Version/12.00', '0000000000000000000000007f000001', '', ''),
('97910b4ea3d6b45c66926264e3ed05d2', 1, 1322003633, 'Opera/9.80 (X11; Linux x86_64; U; Edition Next; ru) Presto/2.9.220 Version/12.00', '0000000000000000000000007f000001', '', ''),
('9803ddc97d440585d5553ecac7eb3abe', 1, 1321996493, 'Opera/9.80 (X11; Linux x86_64; U; Edition Next; ru) Presto/2.9.220 Version/12.00', '0000000000000000000000007f000001', '', ''),
('982b61837dffe9e1099a112e9eb95f96', 1, 1321668706, 'Opera/9.80 (X11; Linux x86_64; U; Edition Next; ru) Presto/2.9.220 Version/12.00', '0000000000000000000000007f000001', '', ''),
('993508011be9c7337629e02ec4c0409b', 1, 1321999530, 'Opera/9.80 (X11; Linux x86_64; U; Edition Next; ru) Presto/2.9.220 Version/12.00', '0000000000000000000000007f000001', '', ''),
('9a17abc878ad1be619a9a0836efeb79a', 1, 1321807143, 'Opera/9.80 (X11; Linux x86_64; U; Edition Next; ru) Presto/2.9.220 Version/12.00', '0000000000000000000000007f000001', '', ''),
('9adc57f1868dc91ca46e76952a917ffe', 1, 1321571601, 'Opera/9.80 (X11; Linux x86_64; U; Edition Next; ru) Presto/2.9.220 Version/12.00', '0000000000000000000000007f000001', '', ''),
('9bab17c7b9817cc1ad319ebebb4e78a2', 1, 1322090158, 'Opera/9.80 (X11; Linux x86_64; U; Edition Next; ru) Presto/2.9.220 Version/12.00', '0000000000000000000000007f000001', '', ''),
('9c099ca972fa9bfd8d4567b5778a9928', 1, 1322002069, 'Opera/9.80 (X11; Linux x86_64; U; Edition Next; ru) Presto/2.9.220 Version/12.00', '0000000000000000000000007f000001', '', ''),
('9c77289d85a2553a622efa1b07caf73c', 1, 1321533666, 'Opera/9.80 (X11; Linux x86_64; U; Edition Next; ru) Presto/2.9.220 Version/12.00', '0000000000000000000000007f000001', '', ''),
('9d67498745012f0d27f291868cbb0328', 1, 1321999780, 'Opera/9.80 (X11; Linux x86_64; U; Edition Next; ru) Presto/2.9.220 Version/12.00', '0000000000000000000000007f000001', '', ''),
('9dcb86a3d849ca6e0d6f39ef7d9f9dcb', 1, 1321816944, 'Opera/9.80 (X11; Linux x86_64; U; Edition Next; ru) Presto/2.9.220 Version/12.00', '0000000000000000000000007f000001', '', ''),
('9e757d4cff8de201da7885f583719101', 1, 0, 'Mozilla/5.0 (X11; Linux x86_64) AppleWebKit/535.15 (KHTML, like Gecko) Ubuntu/11.10 Chromium/18.0.981.0 Chrome/18.0.981.0 Safari/535.15', '0000000000000000000000007f000001', '', ''),
('9ec6d29c057eae5abd2fcfffb74ad78d', 1, 1321921078, 'Opera/9.80 (X11; Linux x86_64; U; Edition Next; ru) Presto/2.9.220 Version/12.00', '0000000000000000000000007f000001', '', ''),
('9f8d4b50698c6c3c8cb6482cd8025dda', 1, 1321821581, 'Opera/9.80 (X11; Linux x86_64; U; Edition Next; ru) Presto/2.9.220 Version/12.00', '0000000000000000000000007f000001', '', ''),
('a0a9337189ddaa5030ef446cc5a62422', 1, 1321656018, 'Opera/9.80 (X11; Linux x86_64; U; Edition Next; ru) Presto/2.9.220 Version/12.00', '0000000000000000000000007f000001', '', ''),
('a1cd700a8deab71aa70f5beba59e5abf', 1, 1321920732, 'Opera/9.80 (X11; Linux x86_64; U; Edition Next; ru) Presto/2.9.220 Version/12.00', '0000000000000000000000007f000001', '', ''),
('a1e0982e2a93b20894214cdcf88fb721', 1, 1321820966, 'Opera/9.80 (X11; Linux x86_64; U; Edition Next; ru) Presto/2.9.220 Version/12.00', '0000000000000000000000007f000001', '', ''),
('a1f0b568e55d00e99763dee5725b9eaa', 1, 1321664074, 'Opera/9.80 (X11; Linux x86_64; U; Edition Next; ru) Presto/2.9.220 Version/12.00', '0000000000000000000000007f000001', '', ''),
('a21c14c13583f6ab1410709dc2c3f435', 1, 1321663786, 'Opera/9.80 (X11; Linux x86_64; U; Edition Next; ru) Presto/2.9.220 Version/12.00', '0000000000000000000000007f000001', '', ''),
('a3883b572f569c3068a28b79ec384937', 1, 1321492810, 'Opera/9.80 (X11; Linux x86_64; U; Edition Next; ru) Presto/2.9.220 Version/12.00', '0000000000000000000000007f000001', '', ''),
('a39b6bcd6df73d84e3dfdec85ed3a7fc', 1, 1321921130, 'Opera/9.80 (X11; Linux x86_64; U; Edition Next; ru) Presto/2.9.220 Version/12.00', '0000000000000000000000007f000001', '', ''),
('a3d28def6289940839182d204e8d1797', 1, 1327680672, 'Opera/9.80 (X11; Linux x86_64; U; Edition Next; ru) Presto/2.10.238 Version/12.00', '0000000000000000000000007f000001', '', ''),
('a3dbf938f9c2e670c098f9690350a358', 1, 1321535633, 'Opera/9.80 (X11; Linux x86_64; U; Edition Next; ru) Presto/2.9.220 Version/12.00', '0000000000000000000000007f000001', '', ''),
('a3e0d12a8534529f6cae85b88b55fd08', 1, 1322000242, 'Opera/9.80 (X11; Linux x86_64; U; Edition Next; ru) Presto/2.9.220 Version/12.00', '0000000000000000000000007f000001', '', ''),
('a425167926af9da8f449cb0da632a244', 1, 1322001392, 'Opera/9.80 (X11; Linux x86_64; U; Edition Next; ru) Presto/2.9.220 Version/12.00', '0000000000000000000000007f000001', '', ''),
('a43ca5bb704c8e3f68cafe3ff804d6cc', 1, 1321492984, 'Opera/9.80 (X11; Linux x86_64; U; Edition Next; ru) Presto/2.9.220 Version/12.00', '0000000000000000000000007f000001', '', ''),
('a45ecf530c2be10a5985568e423caa79', 1, 1321491877, 'Opera/9.80 (X11; Linux x86_64; U; Edition Next; ru) Presto/2.9.220 Version/12.00', '0000000000000000000000007f000001', '', ''),
('a4fb2490d5d6a13552708630542ac2d8', 1, 1321665291, 'Opera/9.80 (X11; Linux x86_64; U; Edition Next; ru) Presto/2.9.220 Version/12.00', '0000000000000000000000007f000001', '', ''),
('a53defa8371796f76784c3d1fb46db49', 1, 1321701418, 'Opera/9.80 (X11; Linux x86_64; U; Edition Next; ru) Presto/2.9.220 Version/12.00', '0000000000000000000000007f000001', '', ''),
('a5667e17abb9427585c78a1c2b05ff3e', 1, 1321888207, 'Opera/9.80 (X11; Linux x86_64; U; Edition Next; ru) Presto/2.9.220 Version/12.00', '0000000000000000000000007f000001', '', ''),
('a58cd450650be88c39a5889f2b020b24', 1, 1321701485, 'Opera/9.80 (X11; Linux x86_64; U; Edition Next; ru) Presto/2.9.220 Version/12.00', '0000000000000000000000007f000001', '', ''),
('a6312f2b56b9aab123efe12c4be40361', 1, 1322090638, 'Opera/9.80 (X11; Linux x86_64; U; Edition Next; ru) Presto/2.9.220 Version/12.00', '0000000000000000000000007f000001', '', ''),
('a67c21aa52cacef61171935d331e0ac3', 1, 1322088969, 'Opera/9.80 (X11; Linux x86_64; U; Edition Next; ru) Presto/2.9.220 Version/12.00', '0000000000000000000000007f000001', '', ''),
('a71d1b25bc4080421294136c202bca18', 1, 1322001757, 'Opera/9.80 (X11; Linux x86_64; U; Edition Next; ru) Presto/2.9.220 Version/12.00', '0000000000000000000000007f000001', '', ''),
('a794db44b1994ae47a7fd8d41afdfd22', 1, 1321921094, 'Opera/9.80 (X11; Linux x86_64; U; Edition Next; ru) Presto/2.9.220 Version/12.00', '0000000000000000000000007f000001', '', ''),
('a84e1e68186772b76646cb3e3cd75df1', 1, 1322003954, 'Opera/9.80 (X11; Linux x86_64; U; Edition Next; ru) Presto/2.9.220 Version/12.00', '0000000000000000000000007f000001', '', ''),
('a9042a6b84ab61adf16818f19c13f35f', 1, 1321821493, 'Opera/9.80 (X11; Linux x86_64; U; Edition Next; ru) Presto/2.9.220 Version/12.00', '0000000000000000000000007f000001', '', ''),
('a9cc0b05f836647ea7346358177d6c8b', 1, 1321538549, 'Opera/9.80 (X11; Linux x86_64; U; Edition Next; ru) Presto/2.9.220 Version/12.00', '0000000000000000000000007f000001', '', ''),
('a9f780603eed20be41f89feff3ed4d13', 1, 1322088740, 'Opera/9.80 (X11; Linux x86_64; U; Edition Next; ru) Presto/2.9.220 Version/12.00', '0000000000000000000000007f000001', '', ''),
('aa0346a22a9cb13d9a6ca46c942b14eb', 1, 1321920745, 'Opera/9.80 (X11; Linux x86_64; U; Edition Next; ru) Presto/2.9.220 Version/12.00', '0000000000000000000000007f000001', '', ''),
('aa09134409d8bae8384ba26f3f0335ff', 1, 1324149942, 'Opera/9.80 (X11; Linux x86_64; U; Edition Next; ru) Presto/2.10.238 Version/12.00', '0000000000000000000000007f000001', '', ''),
('aa9f89510e75f1e1a7f3ef67f1eed509', 1, 1321816650, 'Opera/9.80 (X11; Linux x86_64; U; Edition Next; ru) Presto/2.9.220 Version/12.00', '0000000000000000000000007f000001', '', ''),
('aae67fa0138d1f8b174ac568353dfb88', 1, 1322001818, 'Opera/9.80 (X11; Linux x86_64; U; Edition Next; ru) Presto/2.9.220 Version/12.00', '0000000000000000000000007f000001', '', ''),
('ab78fc068a7b8567524d20c7aea3cf82', 1, 1321821080, 'Opera/9.80 (X11; Linux x86_64; U; Edition Next; ru) Presto/2.9.220 Version/12.00', '0000000000000000000000007f000001', '', ''),
('ac1fe1e4c2c81399363cd67e5ab66645', 1, 1327700028, 'Opera/9.80 (X11; Linux x86_64; U; Edition Next; ru) Presto/2.10.238 Version/12.00', '0000000000000000000000007f000001', '', ''),
('ac4364bac482052bc7f9b28f19bdff43', 1, 1326761133, 'Opera/9.80 (X11; Linux x86_64; U; Edition Next; ru) Presto/2.10.238 Version/12.00', '0000000000000000000000007f000001', '', ''),
('acf0f59ead42aed114fde2ed99fbb1b8', 1, 1321788142, 'Opera/9.80 (X11; Linux x86_64; U; Edition Next; ru) Presto/2.9.220 Version/12.00', '0000000000000000000000007f000001', '', ''),
('ad1f968c91eb2e880770a7b8f08b47e3', 1, 1321922455, 'Opera/9.80 (X11; Linux x86_64; U; Edition Next; ru) Presto/2.9.220 Version/12.00', '0000000000000000000000007f000001', '', ''),
('ad70f541718c7349da491e9e921d3ee5', 1, 1321920422, 'Opera/9.80 (X11; Linux x86_64; U; Edition Next; ru) Presto/2.9.220 Version/12.00', '0000000000000000000000007f000001', '', ''),
('ae0abc37d3c45ae9200fa62594274af9', 1, 1322090279, 'Opera/9.80 (X11; Linux x86_64; U; Edition Next; ru) Presto/2.9.220 Version/12.00', '0000000000000000000000007f000001', '', ''),
('ae91a771dfcd1c58f1c49fcee47ed34f', 1, 1321920140, 'Opera/9.80 (X11; Linux x86_64; U; Edition Next; ru) Presto/2.9.220 Version/12.00', '0000000000000000000000007f000001', '', ''),
('aed9a81d80e323c31ca5d6c313d1cad9', 1, 1321821449, 'Opera/9.80 (X11; Linux x86_64; U; Edition Next; ru) Presto/2.9.220 Version/12.00', '0000000000000000000000007f000001', '', ''),
('af225f8994c1e86f69fb3ce129359461', 1, 1321869461, 'Opera/9.80 (X11; Linux x86_64; U; Edition Next; ru) Presto/2.9.220 Version/12.00', '0000000000000000000000007f000001', '', ''),
('af58f207b1e05e25a4be44b54a53f3ba', 1, 1321821412, 'Opera/9.80 (X11; Linux x86_64; U; Edition Next; ru) Presto/2.9.220 Version/12.00', '0000000000000000000000007f000001', '', ''),
('af9bd94e39921acc9ba9d604ecea9e7a', 1, 1321996500, 'Opera/9.80 (X11; Linux x86_64; U; Edition Next; ru) Presto/2.9.220 Version/12.00', '0000000000000000000000007f000001', '', ''),
('b064d091323173de922ed54fc2f6033f', 1, 1321537032, 'Opera/9.80 (X11; Linux x86_64; U; Edition Next; ru) Presto/2.9.220 Version/12.00', '0000000000000000000000007f000001', '', ''),
('b0c7c78b1c11a26e6add8c0f5dde004f', 1, 1321921076, 'Opera/9.80 (X11; Linux x86_64; U; Edition Next; ru) Presto/2.9.220 Version/12.00', '0000000000000000000000007f000001', '', ''),
('b157fd1db17a7236ccce254f83a60228', 1, 1321535258, 'Opera/9.80 (X11; Linux x86_64; U; Edition Next; ru) Presto/2.9.220 Version/12.00', '0000000000000000000000007f000001', '', ''),
('b202196276531295ad4ea1aa665c7d1f', 1, 1322089277, 'Opera/9.80 (X11; Linux x86_64; U; Edition Next; ru) Presto/2.9.220 Version/12.00', '0000000000000000000000007f000001', '', ''),
('b2bbd44def9f6863e65b34477a9dbe22', 1, 1322088591, 'Opera/9.80 (X11; Linux x86_64; U; Edition Next; ru) Presto/2.9.220 Version/12.00', '0000000000000000000000007f000001', '', ''),
('b31696c5398fccc4ee47c1ccfeac8502', 1, 1321817794, 'Opera/9.80 (X11; Linux x86_64; U; Edition Next; ru) Presto/2.9.220 Version/12.00', '0000000000000000000000007f000001', '', ''),
('b3692085b9b4bc8b565eee6c9bced95f', 1, 1321665720, 'Opera/9.80 (X11; Linux x86_64; U; Edition Next; ru) Presto/2.9.220 Version/12.00', '0000000000000000000000007f000001', '', ''),
('b383fffac2e7394d8d8e3ccb215ac6fe', 1, 1322089851, 'Opera/9.80 (X11; Linux x86_64; U; Edition Next; ru) Presto/2.9.220 Version/12.00', '0000000000000000000000007f000001', '', ''),
('b4f1e99d9bf28b9b58e862630e10f609', 1, 1322001961, 'Opera/9.80 (X11; Linux x86_64; U; Edition Next; ru) Presto/2.9.220 Version/12.00', '0000000000000000000000007f000001', '', ''),
('b5630d8845e4647a575420b2de625e52', 1, 1324152598, 'Opera/9.80 (X11; Linux x86_64; U; Edition Next; ru) Presto/2.10.238 Version/12.00', '0000000000000000000000007f000001', '', ''),
('b57b184c4ddc7bd3734b609788dae47a', 1, 1321921700, 'Opera/9.80 (X11; Linux x86_64; U; Edition Next; ru) Presto/2.9.220 Version/12.00', '0000000000000000000000007f000001', '', ''),
('b72f6559ada5142ea664a359eb7f035e', 1, 1321999625, 'Opera/9.80 (X11; Linux x86_64; U; Edition Next; ru) Presto/2.9.220 Version/12.00', '0000000000000000000000007f000001', '', ''),
('b755478c3cd9589386597708ee5cdb45', 1, 1321921131, 'Opera/9.80 (X11; Linux x86_64; U; Edition Next; ru) Presto/2.9.220 Version/12.00', '0000000000000000000000007f000001', '', ''),
('b78aa9654b7f3239c66c7772dc3e0feb', 1, 1321665787, 'Opera/9.80 (X11; Linux x86_64; U; Edition Next; ru) Presto/2.9.220 Version/12.00', '0000000000000000000000007f000001', '', ''),
('b78e02d1770b734d9524cd08d250ec67', 1, 1321531513, 'Opera/9.80 (X11; Linux x86_64; U; Edition Next; ru) Presto/2.9.220 Version/12.00', '0000000000000000000000007f000001', '', ''),
('b80d78a8414ba872a184364abb1351e9', 1, 1324241864, 'Opera/9.80 (X11; Linux x86_64; U; Edition Next; ru) Presto/2.10.238 Version/12.00', '0000000000000000000000007f000001', '', ''),
('b8d403d03c13f2b51c15aa18c2966b38', 1, 1321492800, 'Opera/9.80 (X11; Linux x86_64; U; Edition Next; ru) Presto/2.9.220 Version/12.00', '0000000000000000000000007f000001', '', ''),
('b912ffb09bb8c9d2006a8c7166951a44', 1, 1321821448, 'Opera/9.80 (X11; Linux x86_64; U; Edition Next; ru) Presto/2.9.220 Version/12.00', '0000000000000000000000007f000001', '', ''),
('b919ac303da0a9be03703eaeca9b0bcb', 1, 1322004091, 'Opera/9.80 (X11; Linux x86_64; U; Edition Next; ru) Presto/2.9.220 Version/12.00', '0000000000000000000000007f000001', '', ''),
('b9d364ca6838c19013b938953b925107', 1, 1322261888, 'Opera/9.80 (X11; Linux x86_64; U; Edition Next; ru) Presto/2.9.220 Version/12.00', '0000000000000000000000007f000001', '', ''),
('ba0e60117a125fe1b4f57389bcb4eb21', 1, 1322089247, 'Opera/9.80 (X11; Linux x86_64; U; Edition Next; ru) Presto/2.9.220 Version/12.00', '0000000000000000000000007f000001', '', ''),
('bb0ad02724bdb5b0d9d2d25400ba1687', 1, 1322088608, 'Opera/9.80 (X11; Linux x86_64; U; Edition Next; ru) Presto/2.9.220 Version/12.00', '0000000000000000000000007f000001', '', ''),
('bb2022b6ee0dbd94e89fb6a774f00dc8', 1, 1321700366, 'Opera/9.80 (X11; Linux x86_64; U; Edition Next; ru) Presto/2.9.220 Version/12.00', '0000000000000000000000007f000001', '', ''),
('bb619df45796f109afb3f9d0b64468d8', 1, 1321921195, 'Opera/9.80 (X11; Linux x86_64; U; Edition Next; ru) Presto/2.9.220 Version/12.00', '0000000000000000000000007f000001', '', ''),
('bb69da0a5289cd0899175722b658a9cd', 1, 1321816680, 'Opera/9.80 (X11; Linux x86_64; U; Edition Next; ru) Presto/2.9.220 Version/12.00', '0000000000000000000000007f000001', '', ''),
('bbba27b5c313d485704665206f1f9ce1', 1, 1322087875, 'Opera/9.80 (X11; Linux x86_64; U; Edition Next; ru) Presto/2.9.220 Version/12.00', '0000000000000000000000007f000001', '', ''),
('bc74096503aae786861429bdf4231f85', 1, 1321664923, 'Opera/9.80 (X11; Linux x86_64; U; Edition Next; ru) Presto/2.9.220 Version/12.00', '0000000000000000000000007f000001', '', ''),
('bd05759b6de0106ac73ec863b5b41616', 1, 1321788106, 'Opera/9.80 (X11; Linux x86_64; U; Edition Next; ru) Presto/2.9.220 Version/12.00', '0000000000000000000000007f000001', '', ''),
('bd3b7f5a0665b14c186dfde1ffe2e917', 1, 1321920989, 'Opera/9.80 (X11; Linux x86_64; U; Edition Next; ru) Presto/2.9.220 Version/12.00', '0000000000000000000000007f000001', '', ''),
('bd4505dda7223fc5d577c5fcd96db54e', 1, 1322088621, 'Opera/9.80 (X11; Linux x86_64; U; Edition Next; ru) Presto/2.9.220 Version/12.00', '0000000000000000000000007f000001', '', ''),
('bd56db1054bea539f746e36c34c3faf4', 1, 1321821303, 'Opera/9.80 (X11; Linux x86_64; U; Edition Next; ru) Presto/2.9.220 Version/12.00', '0000000000000000000000007f000001', '', ''),
('bdca10f31e22967b70644eca42dccc54', 1, 1321996917, 'Opera/9.80 (X11; Linux x86_64; U; Edition Next; ru) Presto/2.9.220 Version/12.00', '0000000000000000000000007f000001', '', ''),
('be275dde29846ecf76f9d0a8bec39970', 1, 1322000916, 'Opera/9.80 (X11; Linux x86_64; U; Edition Next; ru) Presto/2.9.220 Version/12.00', '0000000000000000000000007f000001', '', ''),
('beebb45db5a9da7714c57a073d57a572', 1, 1322088053, 'Opera/9.80 (X11; Linux x86_64; U; Edition Next; ru) Presto/2.9.220 Version/12.00', '0000000000000000000000007f000001', '', ''),
('bf0be265f518791c076c215ae5a0d4dc', 1, 1322003997, 'Opera/9.80 (X11; Linux x86_64; U; Edition Next; ru) Presto/2.9.220 Version/12.00', '0000000000000000000000007f000001', '', ''),
('bf5da0618d19e4a4a905fc43942b3a82', 1, 1321812795, 'Opera/9.80 (X11; Linux x86_64; U; Edition Next; ru) Presto/2.9.220 Version/12.00', '0000000000000000000000007f000001', '', ''),
('bf83f18a404b40609ae41bcf173b195d', 1, 1323036072, 'Mozilla/5.0 (X11; Linux x86_64) AppleWebKit/535.10 (KHTML, like Gecko) Ubuntu/11.10 Chromium/17.0.950.0 Chrome/17.0.950.0 Safari/535.10', '0000000000000000000000007f000001', '', ''),
('bfba92822bc1e49b5a0d743f67888bea', 1, 1321534278, 'Opera/9.80 (X11; Linux x86_64; U; Edition Next; ru) Presto/2.9.220 Version/12.00', '0000000000000000000000007f000001', '', ''),
('bfd4f1137f03ec56eced0c05a5bc87a3', 1, 1327589890, 'Opera/9.80 (X11; Linux x86_64; U; Edition Next; ru) Presto/2.10.238 Version/12.00', '0000000000000000000000007f000001', '', ''),
('c00a4b7f556eaf85a9b06d39af7cd7a2', 1, 1321809093, 'Opera/9.80 (X11; Linux x86_64; U; Edition Next; ru) Presto/2.9.220 Version/12.00', '0000000000000000000000007f000001', '', ''),
('c10db858629f4c4d765652edbdd7cf60', 1, 1321663060, 'Opera/9.80 (X11; Linux x86_64; U; Edition Next; ru) Presto/2.9.220 Version/12.00', '0000000000000000000000007f000001', '', ''),
('c1a5078417fa64181242fe04c8602d02', 1, 1322089961, 'Opera/9.80 (X11; Linux x86_64; U; Edition Next; ru) Presto/2.9.220 Version/12.00', '0000000000000000000000007f000001', '', ''),
('c1a7171d3208222f722aa23f0cdaeebf', 1, 1321493119, 'Opera/9.80 (X11; Linux x86_64; U; Edition Next; ru) Presto/2.9.220 Version/12.00', '0000000000000000000000007f000001', '', ''),
('c22ad130ec098244f4b397fa7bd2f886', 1, 1321493046, 'Opera/9.80 (X11; Linux x86_64; U; Edition Next; ru) Presto/2.9.220 Version/12.00', '0000000000000000000000007f000001', '', ''),
('c2a9cdbd2a805dabe51b298228fe57c9', 1, 1322089734, 'Opera/9.80 (X11; Linux x86_64; U; Edition Next; ru) Presto/2.9.220 Version/12.00', '0000000000000000000000007f000001', '', ''),
('c2f582fbfa1c21b6cfe33aababba34fe', 1, 1321657662, 'Opera/9.80 (X11; Linux x86_64; U; Edition Next; ru) Presto/2.9.220 Version/12.00', '0000000000000000000000007f000001', '', ''),
('c3b3c9d5fe463db6d9d2c66ee91c9370', 1, 1322088578, 'Opera/9.80 (X11; Linux x86_64; U; Edition Next; ru) Presto/2.9.220 Version/12.00', '0000000000000000000000007f000001', '', ''),
('c3b6d4e1c87d4240413d4329fb7f175f', 1, 1322001031, 'Opera/9.80 (X11; Linux x86_64; U; Edition Next; ru) Presto/2.9.220 Version/12.00', '0000000000000000000000007f000001', '', ''),
('c4ce8171c16ddb05176cd64d02014cf5', 1, 1322088306, 'Opera/9.80 (X11; Linux x86_64; U; Edition Next; ru) Presto/2.9.220 Version/12.00', '0000000000000000000000007f000001', '', ''),
('c535e6f241d9d0721cb0a9c8ebb21feb', 1, 1321663580, 'Opera/9.80 (X11; Linux x86_64; U; Edition Next; ru) Presto/2.9.220 Version/12.00', '0000000000000000000000007f000001', '', ''),
('c5638b631d53f9b5ae9f74d3f8bfed89', 1, 1322089897, 'Opera/9.80 (X11; Linux x86_64; U; Edition Next; ru) Presto/2.9.220 Version/12.00', '0000000000000000000000007f000001', '', ''),
('c5845dc26ec40c139acc97240e273f01', 1, 1327273569, 'Opera/9.80 (X11; Linux x86_64; U; Edition Next; ru) Presto/2.10.238 Version/12.00', '0000000000000000000000007f000001', '', ''),
('c5b960c77a21bd7ebd106d30d2cc9a13', 1, 1321702880, 'Opera/9.80 (X11; Linux x86_64; U; Edition Next; ru) Presto/2.9.220 Version/12.00', '0000000000000000000000007f000001', '', ''),
('c635a9dbbf632a8e0b61a7a8142d6e67', 1, 1321921536, 'Opera/9.80 (X11; Linux x86_64; U; Edition Next; ru) Presto/2.9.220 Version/12.00', '0000000000000000000000007f000001', '', ''),
('c7065ee4c2efc15939e0859f0dab94a7', 1, 1321794289, 'Opera/9.80 (X11; Linux x86_64; U; Edition Next; ru) Presto/2.9.220 Version/12.00', '0000000000000000000000007f000001', '', ''),
('c7456462a65f1d2ef8812e98bc9827ab', 1, 1321534278, 'Opera/9.80 (X11; Linux x86_64; U; Edition Next; ru) Presto/2.9.220 Version/12.00', '0000000000000000000000007f000001', '', ''),
('c77b74d0505f6563be972c7e192369a5', 1, 1321822027, 'Opera/9.80 (X11; Linux x86_64; U; Edition Next; ru) Presto/2.9.220 Version/12.00', '0000000000000000000000007f000001', '', ''),
('c83b7c279459d7ac3de48381485b74bc', 1, 1321791754, 'Opera/9.80 (X11; Linux x86_64; U; Edition Next; ru) Presto/2.9.220 Version/12.00', '0000000000000000000000007f000001', '', ''),
('c8730012b5f7e8598707b74169d125d4', 1, 1322087577, 'Opera/9.80 (X11; Linux x86_64; U; Edition Next; ru) Presto/2.9.220 Version/12.00', '0000000000000000000000007f000001', '', ''),
('c88e63c241579fe384e312ccb3522494', 1, 1326753807, 'Opera/9.80 (X11; Linux x86_64; U; Edition Next; ru) Presto/2.10.238 Version/12.00', '0000000000000000000000007f000001', '', ''),
('c8fdc4e02947b7438944caed170fce6e', 1, 1321912344, 'Opera/9.80 (X11; Linux x86_64; U; Edition Next; ru) Presto/2.9.220 Version/12.00', '0000000000000000000000007f000001', '', ''),
('c9803ef6770edd7aa705aa1a079f12e2', 1, 1321921650, 'Opera/9.80 (X11; Linux x86_64; U; Edition Next; ru) Presto/2.9.220 Version/12.00', '0000000000000000000000007f000001', '', ''),
('c9a5c0385d754a1cef54514f9104e1b3', 1, 1322089039, 'Opera/9.80 (X11; Linux x86_64; U; Edition Next; ru) Presto/2.9.220 Version/12.00', '0000000000000000000000007f000001', '', ''),
('c9d6fb6dc1b7030ad086c269286dfe75', 1, 1321999809, 'Opera/9.80 (X11; Linux x86_64; U; Edition Next; ru) Presto/2.9.220 Version/12.00', '0000000000000000000000007f000001', '', ''),
('c9da283cba948a4549e2c167b44e87b8', 1, 1321657182, 'Opera/9.80 (X11; Linux x86_64; U; Edition Next; ru) Presto/2.9.220 Version/12.00', '0000000000000000000000007f000001', '', ''),
('c9dc84c11b96ea3129e4117a05bc380f', 1, 1321808099, 'Opera/9.80 (X11; Linux x86_64; U; Edition Next; ru) Presto/2.9.220 Version/12.00', '0000000000000000000000007f000001', '', ''),
('ca698d8b73dc59a5a07f9f4656bca6ed', 1, 1323191556, 'Opera/9.80 (X11; Linux x86_64; U; Edition Next; ru) Presto/2.10.238 Version/12.00', '0000000000000000000000007f000001', '', ''),
('ca6d0f8bbf99b8ed3990ae49e34356db', 1, 1322003796, 'Opera/9.80 (X11; Linux x86_64; U; Edition Next; ru) Presto/2.9.220 Version/12.00', '0000000000000000000000007f000001', '', ''),
('ca7278071cddeee209d2f769a1054e16', 1, 1321493126, 'Opera/9.80 (X11; Linux x86_64; U; Edition Next; ru) Presto/2.9.220 Version/12.00', '0000000000000000000000007f000001', '', ''),
('ca88c0613a673f737fc9b123acb21b5a', 1, 1321534941, 'Opera/9.80 (X11; Linux x86_64; U; Edition Next; ru) Presto/2.9.220 Version/12.00', '0000000000000000000000007f000001', '', ''),
('cad9d91cf69f4308ad5aea9b53a5b0eb', 1, 1323193196, 'Opera/9.80 (X11; Linux x86_64; U; Edition Next; ru) Presto/2.10.238 Version/12.00', '0000000000000000000000007f000001', '', ''),
('cb24e26c340f7e2d6d40e22bced464bb', 1, 1322004482, 'Opera/9.80 (X11; Linux x86_64; U; Edition Next; ru) Presto/2.9.220 Version/12.00', '0000000000000000000000007f000001', '', ''),
('cb4311e84d88c7a06771f276c7981b10', 1, 1322090867, 'Opera/9.80 (X11; Linux x86_64; U; Edition Next; ru) Presto/2.9.220 Version/12.00', '0000000000000000000000007f000001', '', ''),
('cb54135a6fe4aea4328c4ffe23621ef1', 1, 1322085204, 'Opera/9.80 (X11; Linux x86_64; U; Edition Next; ru) Presto/2.9.220 Version/12.00', '0000000000000000000000007f000001', '', ''),
('ccae516022b5448358007cf759f4746a', 1, 1324225005, 'Opera/9.80 (X11; Linux x86_64; U; Edition Next; ru) Presto/2.10.238 Version/12.00', '0000000000000000000000007f000001', '', ''),
('cd44aa5f7779808f2733b6315f457231', 1, 1322090175, 'Opera/9.80 (X11; Linux x86_64; U; Edition Next; ru) Presto/2.9.220 Version/12.00', '0000000000000000000000007f000001', '', ''),
('cdc7b41deb505016bdb253c7d652354a', 1, 1321493068, 'Opera/9.80 (X11; Linux x86_64; U; Edition Next; ru) Presto/2.9.220 Version/12.00', '0000000000000000000000007f000001', '', ''),
('cdc8e3f53076560424bef6feda358096', 1, 1321922111, 'Opera/9.80 (X11; Linux x86_64; U; Edition Next; ru) Presto/2.9.220 Version/12.00', '0000000000000000000000007f000001', '', ''),
('cdcb86ea3813d03faa6513ee9e02137b', 1, 1321996376, 'Opera/9.80 (X11; Linux x86_64; U; Edition Next; ru) Presto/2.9.220 Version/12.00', '0000000000000000000000007f000001', '', ''),
('cdd600a1cdfc2f361315bf8c23f699ab', 1, 1321921303, 'Opera/9.80 (X11; Linux x86_64; U; Edition Next; ru) Presto/2.9.220 Version/12.00', '0000000000000000000000007f000001', '', ''),
('ce3da5c6880e7b6d221521a7eb18bcb6', 1, 1322004236, 'Opera/9.80 (X11; Linux x86_64; U; Edition Next; ru) Presto/2.9.220 Version/12.00', '0000000000000000000000007f000001', '', ''),
('cec1494a66bd7f73646cb5247708089b', 1, 1321535760, 'Opera/9.80 (X11; Linux x86_64; U; Edition Next; ru) Presto/2.9.220 Version/12.00', '0000000000000000000000007f000001', '', ''),
('cef807a196d51ba2806ba9f6ce6f903a', 1, 1322003933, 'Opera/9.80 (X11; Linux x86_64; U; Edition Next; ru) Presto/2.9.220 Version/12.00', '0000000000000000000000007f000001', '', ''),
('cefe11bee64253926e7c07f62c22d6bc', 1, 1321808658, 'Mozilla/5.0 (X11; Linux x86_64; rv:7.0.1) Gecko/20100101 Firefox/7.0.1', '0000000000000000000000007f000001', '', ''),
('d15aafd5ccaba1670a299cce17ce4d93', 1, 1321996121, 'Opera/9.80 (X11; Linux x86_64; U; Edition Next; ru) Presto/2.9.220 Version/12.00', '0000000000000000000000007f000001', '', ''),
('d1e4a548582efcc496aff41be7669ea5', 1, 1321920455, 'Opera/9.80 (X11; Linux x86_64; U; Edition Next; ru) Presto/2.9.220 Version/12.00', '0000000000000000000000007f000001', '', ''),
('d235600b140e21a8595f6e426d28407c', 1, 1322004460, 'Opera/9.80 (X11; Linux x86_64; U; Edition Next; ru) Presto/2.9.220 Version/12.00', '0000000000000000000000007f000001', '', ''),
('d32930039cfd0f3a6daf08e93848db72', 1, 1321918012, 'Opera/9.80 (X11; Linux x86_64; U; Edition Next; ru) Presto/2.9.220 Version/12.00', '0000000000000000000000007f000001', '', ''),
('d342ed5d3cb31c3ca53561db6438a42a', 1, 1321806809, 'Opera/9.80 (X11; Linux x86_64; U; Edition Next; ru) Presto/2.9.220 Version/12.00', '0000000000000000000000007f000001', '', ''),
('d3452c56caa3db588066f4fcc536990c', 1, 1321667774, 'Opera/9.80 (X11; Linux x86_64; U; Edition Next; ru) Presto/2.9.220 Version/12.00', '0000000000000000000000007f000001', '', ''),
('d39165ff4877b146bb62b1aab795bbe3', 1, 1322001374, 'Opera/9.80 (X11; Linux x86_64; U; Edition Next; ru) Presto/2.9.220 Version/12.00', '0000000000000000000000007f000001', '', ''),
('d3c7767410a67a764abfdcc52e19ca2b', 1, 1321531647, 'Opera/9.80 (X11; Linux x86_64; U; Edition Next; ru) Presto/2.9.220 Version/12.00', '0000000000000000000000007f000001', '', ''),
('d44498e00d91387cde7a9e55591a9f22', 1, 1321921175, 'Opera/9.80 (X11; Linux x86_64; U; Edition Next; ru) Presto/2.9.220 Version/12.00', '0000000000000000000000007f000001', '', ''),
('d4ad7403571ef301762771354aef22b2', 1, 1324241841, 'Opera/9.80 (X11; Linux x86_64; U; Edition Next; ru) Presto/2.10.238 Version/12.00', '0000000000000000000000007f000001', '', ''),
('d4b3543269ce04506ece06cd61ca4a37', 1, 1324243093, 'Mozilla/5.0 (X11; Linux x86_64) AppleWebKit/535.14 (KHTML, like Gecko) Ubuntu/11.10 Chromium/18.0.973.0 Chrome/18.0.973.0 Safari/535.14', '0000000000000000000000007f000001', '', ''),
('d510b5208f33a8c3df0cec8c821dd57c', 1, 1321493533, 'Opera/9.80 (X11; Linux x86_64; U; Edition Next; ru) Presto/2.9.220 Version/12.00', '0000000000000000000000007f000001', '', ''),
('d51daaaa6f428e59d7d292416121195f', 1, 1322090532, 'Opera/9.80 (X11; Linux x86_64; U; Edition Next; ru) Presto/2.9.220 Version/12.00', '0000000000000000000000007f000001', '', ''),
('d52878ce3ad00a2783e783f7ac9e53b0', 1, 1321888381, 'Opera/9.80 (X11; Linux x86_64; U; Edition Next; ru) Presto/2.9.220 Version/12.00', '0000000000000000000000007f000001', '', ''),
('d544da3427d03a094b0a8c2cbbab93d7', 1, 1326801798, 'Mozilla/5.0 (X11; Linux x86_64) AppleWebKit/535.14 (KHTML, like Gecko) Ubuntu/11.10 Chromium/18.0.974.0 Chrome/18.0.974.0 Safari/535.14', '0000000000000000000000007f000001', '', ''),
('d549578bf17f760fd1156a041e887824', 1, 1321820949, 'Opera/9.80 (X11; Linux x86_64; U; Edition Next; ru) Presto/2.9.220 Version/12.00', '0000000000000000000000007f000001', '', ''),
('d7206d04c0a239b218b67aef82c14c05', 1, 1321702846, 'Opera/9.80 (X11; Linux x86_64; U; Edition Next; ru) Presto/2.9.220 Version/12.00', '0000000000000000000000007f000001', '', ''),
('d7687b1bc209a975faed24114ff799c9', 1, 1322001732, 'Opera/9.80 (X11; Linux x86_64; U; Edition Next; ru) Presto/2.9.220 Version/12.00', '0000000000000000000000007f000001', '', ''),
('d7755610dfb93116d219b898258a89cf', 1, 1321816931, 'Opera/9.80 (X11; Linux x86_64; U; Edition Next; ru) Presto/2.9.220 Version/12.00', '0000000000000000000000007f000001', '', ''),
('d78fc4395d9838b97e16d82bed7874c6', 1, 1321817093, 'Opera/9.80 (X11; Linux x86_64; U; Edition Next; ru) Presto/2.9.220 Version/12.00', '0000000000000000000000007f000001', '', ''),
('d799791636e8ae37104636eca499cc12', 1, 1321701256, 'Opera/9.80 (X11; Linux x86_64; U; Edition Next; ru) Presto/2.9.220 Version/12.00', '0000000000000000000000007f000001', '', ''),
('d7faf75b2c694f76dbf9e08595f2c2f4', 1, 1321791782, 'Opera/9.80 (X11; Linux x86_64; U; Edition Next; ru) Presto/2.9.220 Version/12.00', '0000000000000000000000007f000001', '', ''),
('d8f26bd461fb910e05e5088aee287e18', 1, 1321655933, 'Opera/9.80 (X11; Linux x86_64; U; Edition Next; ru) Presto/2.9.220 Version/12.00', '0000000000000000000000007f000001', '', ''),
('d92fe2cd39f4462a18439316191279ee', 1, 1321570186, 'Opera/9.80 (X11; Linux x86_64; U; Edition Next; ru) Presto/2.9.220 Version/12.00', '0000000000000000000000007f000001', '', ''),
('d94b17a531a02a0d5a6f6febd1ee4e2e', 1, 1321921295, 'Opera/9.80 (X11; Linux x86_64; U; Edition Next; ru) Presto/2.9.220 Version/12.00', '0000000000000000000000007f000001', '', ''),
('d9979520446653aa25bb5dca22bab863', 1, 1321920659, 'Opera/9.80 (X11; Linux x86_64; U; Edition Next; ru) Presto/2.9.220 Version/12.00', '0000000000000000000000007f000001', '', ''),
('d9f2b06d1383851c9c71cacb8653b7f4', 1, 1321663004, 'Opera/9.80 (X11; Linux x86_64; U; Edition Next; ru) Presto/2.9.220 Version/12.00', '0000000000000000000000007f000001', '', ''),
('d9f5ed2fa060dd2f8adcb72e6e7c6da7', 1, 1321816973, 'Opera/9.80 (X11; Linux x86_64; U; Edition Next; ru) Presto/2.9.220 Version/12.00', '0000000000000000000000007f000001', '', ''),
('da12c678f17a4e7d1243fde96ff2eacb', 1, 1321663060, 'Opera/9.80 (X11; Linux x86_64; U; Edition Next; ru) Presto/2.9.220 Version/12.00', '0000000000000000000000007f000001', '', ''),
('da90a230ad16653ccb088f4f42e387f7', 1, 1321791827, 'Opera/9.80 (X11; Linux x86_64; U; Edition Next; ru) Presto/2.9.220 Version/12.00', '0000000000000000000000007f000001', '', ''),
('da9f1b761272894f2cb7ab12528bc5c8', 1, 1322087662, 'Opera/9.80 (X11; Linux x86_64; U; Edition Next; ru) Presto/2.9.220 Version/12.00', '0000000000000000000000007f000001', '', ''),
('daa4bc5e03631ba1b2957ad07c4b9a6a', 1, 1322004107, 'Opera/9.80 (X11; Linux x86_64; U; Edition Next; ru) Presto/2.9.220 Version/12.00', '0000000000000000000000007f000001', '', ''),
('db2155eac72c2dd8237855157e81023e', 1, 1321662147, 'Opera/9.80 (X11; Linux x86_64; U; Edition Next; ru) Presto/2.9.220 Version/12.00', '0000000000000000000000007f000001', '', ''),
('db8b81d6ed630b2cb1daebf7919fe4cc', 1, 1321921298, 'Opera/9.80 (X11; Linux x86_64; U; Edition Next; ru) Presto/2.9.220 Version/12.00', '0000000000000000000000007f000001', '', ''),
('dc0d08391d0737590006d798ef8e42d3', 1, 1322002063, 'Opera/9.80 (X11; Linux x86_64; U; Edition Next; ru) Presto/2.9.220 Version/12.00', '0000000000000000000000007f000001', '', ''),
('dc5936e7a629c2ebc1381a72ce2e9547', 1, 1321490707, 'Opera/9.80 (X11; Linux x86_64; U; Edition Next; ru) Presto/2.9.220 Version/12.00', '0000000000000000000000007f000001', '', ''),
('dc5d6fdfeb617c028e8f9f60ee4c2767', 1, 1321493674, 'Opera/9.80 (X11; Linux x86_64; U; Edition Next; ru) Presto/2.9.220 Version/12.00', '0000000000000000000000007f000001', '', ''),
('dc5f72abf3812e2238249f1c8f45d401', 1, 1321807129, 'Opera/9.80 (X11; Linux x86_64; U; Edition Next; ru) Presto/2.9.220 Version/12.00', '0000000000000000000000007f000001', '', ''),
('dc61de14a3b027ad99aab8ff655e3b9f', 1, 1321816910, 'Opera/9.80 (X11; Linux x86_64; U; Edition Next; ru) Presto/2.9.220 Version/12.00', '0000000000000000000000007f000001', '', ''),
('dc64e3adc213bc4fce67a3aa4ebcbded', 1, 1321492807, 'Opera/9.80 (X11; Linux x86_64; U; Edition Next; ru) Presto/2.9.220 Version/12.00', '0000000000000000000000007f000001', '', ''),
('dc65d4463d502ed7ac56e9ded3fcc861', 1, 1321535440, 'Opera/9.80 (X11; Linux x86_64; U; Edition Next; ru) Presto/2.9.220 Version/12.00', '0000000000000000000000007f000001', '', ''),
('dd302adce8602b3f0309b3ca7fef1c86', 1, 1321888576, 'Opera/9.80 (X11; Linux x86_64; U; Edition Next; ru) Presto/2.9.220 Version/12.00', '0000000000000000000000007f000001', '', ''),
('dd4ac52cc6ff2a19c9347cbab99994b1', 1, 1322004254, 'Opera/9.80 (X11; Linux x86_64; U; Edition Next; ru) Presto/2.9.220 Version/12.00', '0000000000000000000000007f000001', '', ''),
('dda87725d2d806609bb2ed60d4dc380a', 1, 1327528985, 'Opera/9.80 (X11; Linux x86_64; U; Edition Next; ru) Presto/2.10.238 Version/12.00', '0000000000000000000000007f000001', '', ''),
('de82e7152b545c66d898e3494e877d1e', 1, 1321806540, 'Opera/9.80 (X11; Linux x86_64; U; Edition Next; ru) Presto/2.9.220 Version/12.00', '0000000000000000000000007f000001', '', ''),
('de9d3a7c49a3d45fa9ae6d6bc359845c', 1, 1327288037, 'Mozilla/5.0 (X11; Linux x86_64) AppleWebKit/535.15 (KHTML, like Gecko) Ubuntu/11.10 Chromium/18.0.981.0 Chrome/18.0.981.0 Safari/535.15', '0000000000000000000000007f000001', '', ''),
('ded247774fe01b569f8f9f654363342e', 1, 1321667646, 'Opera/9.80 (X11; Linux x86_64; U; Edition Next; ru) Presto/2.9.220 Version/12.00', '0000000000000000000000007f000001', '', ''),
('df675275cb1d0f4dc2a38abf4a1be7d0', 1, 1321534354, 'Opera/9.80 (X11; Linux x86_64; U; Edition Next; ru) Presto/2.9.220 Version/12.00', '0000000000000000000000007f000001', '', ''),
('e00338614cf8e29a1b9c9200cdc98cf7', 1, 1322005121, 'Opera/9.80 (X11; Linux x86_64; U; Edition Next; ru) Presto/2.9.220 Version/12.00', '0000000000000000000000007f000001', '', ''),
('e03598be4836951a7a026519a531c151', 1, 1322088718, 'Opera/9.80 (X11; Linux x86_64; U; Edition Next; ru) Presto/2.9.220 Version/12.00', '0000000000000000000000007f000001', '', ''),
('e074362a312e7794cacc7e708e53fe60', 1, 1322088957, 'Opera/9.80 (X11; Linux x86_64; U; Edition Next; ru) Presto/2.9.220 Version/12.00', '0000000000000000000000007f000001', '', ''),
('e0f9ac625ab76deef14f2927b9a62fa7', 1, 1327699504, 'Opera/9.80 (X11; Linux x86_64; U; Edition Next; ru) Presto/2.10.238 Version/12.00', '0000000000000000000000007f000001', '', ''),
('e1be6f372688f1b77e250c732e5935ac', 1, 1326760841, 'Opera/9.80 (X11; Linux x86_64; U; Edition Next; ru) Presto/2.10.238 Version/12.00', '0000000000000000000000007f000001', '', ''),
('e2f5489b2eea3a4db842f8d641474a3a', 1, 1322090794, 'Opera/9.80 (X11; Linux x86_64; U; Edition Next; ru) Presto/2.9.220 Version/12.00', '0000000000000000000000007f000001', '', ''),
('e3a4e799d43ac3f40248cb1facb62e3b', 1, 1321999902, 'Opera/9.80 (X11; Linux x86_64; U; Edition Next; ru) Presto/2.9.220 Version/12.00', '0000000000000000000000007f000001', '', ''),
('e408bfb3420df365dbe9fc4fc6e8f19b', 1, 1322090827, 'Opera/9.80 (X11; Linux x86_64; U; Edition Next; ru) Presto/2.9.220 Version/12.00', '0000000000000000000000007f000001', '', ''),
('e40e5e127bfd33879b00cb9fcc376e48', 1, 1322000514, 'Opera/9.80 (X11; Linux x86_64; U; Edition Next; ru) Presto/2.9.220 Version/12.00', '0000000000000000000000007f000001', '', ''),
('e48c20fd2b16b318c698e3b413404a4b', 1, 1322089009, 'Opera/9.80 (X11; Linux x86_64; U; Edition Next; ru) Presto/2.9.220 Version/12.00', '0000000000000000000000007f000001', '', ''),
('e4a27f6b6c6e97216b894e298551f4f2', 1, 1322000823, 'Opera/9.80 (X11; Linux x86_64; U; Edition Next; ru) Presto/2.9.220 Version/12.00', '0000000000000000000000007f000001', '', ''),
('e50f42a3340c56a561a0eb279d32d73b', 1, 1321998968, 'Opera/9.80 (X11; Linux x86_64; U; Edition Next; ru) Presto/2.9.220 Version/12.00', '0000000000000000000000007f000001', '', ''),
('e53c0156aec4c32578c7cec85db35d51', 1, 1321492810, 'Opera/9.80 (X11; Linux x86_64; U; Edition Next; ru) Presto/2.9.220 Version/12.00', '0000000000000000000000007f000001', '', ''),
('e556b69e4fa07b0bb75e1115b45ce0d2', 1, 1321535624, 'Opera/9.80 (X11; Linux x86_64; U; Edition Next; ru) Presto/2.9.220 Version/12.00', '0000000000000000000000007f000001', '', ''),
('e589bd34b0408636ca418f2c6dbe9e05', 1, 1327691026, 'Opera/9.80 (X11; Linux x86_64; U; Edition Next; ru) Presto/2.10.238 Version/12.00', '0000000000000000000000007f000001', '', ''),
('e6788f4ed9d517a94787e45891f0125f', 1, 1321493007, 'Opera/9.80 (X11; Linux x86_64; U; Edition Next; ru) Presto/2.9.220 Version/12.00', '0000000000000000000000007f000001', '', ''),
('e6b1b765c989039a22d6b40293c53d11', 1, 1321656303, 'Opera/9.80 (X11; Linux x86_64; U; Edition Next; ru) Presto/2.9.220 Version/12.00', '0000000000000000000000007f000001', '', ''),
('e6b45db5353971c3d17d39ff4fb8bf1d', 1, 1321921051, 'Opera/9.80 (X11; Linux x86_64; U; Edition Next; ru) Presto/2.9.220 Version/12.00', '0000000000000000000000007f000001', '', ''),
('e7357ccfd72396ef0772e548f7da7605', 1, 1321816913, 'Opera/9.80 (X11; Linux x86_64; U; Edition Next; ru) Presto/2.9.220 Version/12.00', '0000000000000000000000007f000001', '', ''),
('e7f3b25b1a4be5f94f25acac378044c7', 1, 1322088680, 'Opera/9.80 (X11; Linux x86_64; U; Edition Next; ru) Presto/2.9.220 Version/12.00', '0000000000000000000000007f000001', '', '');
INSERT INTO `prefix_sessions` (`id`, `user`, `expire`, `user_agent`, `ip`, `forwarded_for`, `client_ip`) VALUES
('e82b78512308eba9dff7c61eb140894b', 1, 1322090876, 'Opera/9.80 (X11; Linux x86_64; U; Edition Next; ru) Presto/2.9.220 Version/12.00', '0000000000000000000000007f000001', '', ''),
('e8b41b2c213003e85285e7d3b50f8fd6', 1, 1321819745, 'Opera/9.80 (X11; Linux x86_64; U; Edition Next; ru) Presto/2.9.220 Version/12.00', '0000000000000000000000007f000001', '', ''),
('e8de2fb79f2d27855404fe0297bb199f', 1, 1321701570, 'Opera/9.80 (X11; Linux x86_64; U; Edition Next; ru) Presto/2.9.220 Version/12.00', '0000000000000000000000007f000001', '', ''),
('e8e218798b371a17fe893a74ee4c7dd9', 1, 1321537026, 'Opera/9.80 (X11; Linux x86_64; U; Edition Next; ru) Presto/2.9.220 Version/12.00', '0000000000000000000000007f000001', '', ''),
('e99b7efeee07884a0dc6adc84dcfeb2c', 1, 1321570574, 'Opera/9.80 (X11; Linux x86_64; U; Edition Next; ru) Presto/2.9.220 Version/12.00', '0000000000000000000000007f000001', '', ''),
('eb2a6c481c44176162902713eb6e79db', 1, 1321664912, 'Opera/9.80 (X11; Linux x86_64; U; Edition Next; ru) Presto/2.9.220 Version/12.00', '0000000000000000000000007f000001', '', ''),
('eb3edfb2c01e1871d4d70d41cda543a5', 1, 1321824839, 'Opera/9.80 (X11; Linux x86_64; U; Edition Next; ru) Presto/2.9.220 Version/12.00', '0000000000000000000000007f000001', '', ''),
('eba46217f53875c6e9a8f4d82c3bf2e0', 1, 1321912261, 'Opera/9.80 (X11; Linux x86_64; U; Edition Next; ru) Presto/2.9.220 Version/12.00', '0000000000000000000000007f000001', '', ''),
('ec1f626676ea7b899bad32a6236038a0', 1, 1321492060, 'Opera/9.80 (X11; Linux x86_64; U; Edition Next; ru) Presto/2.9.220 Version/12.00', '0000000000000000000000007f000001', '', ''),
('ec62918549270bf8e0d17ad08db6eda7', 1, 1321921762, 'Opera/9.80 (X11; Linux x86_64; U; Edition Next; ru) Presto/2.9.220 Version/12.00', '0000000000000000000000007f000001', '', ''),
('ed87ae29ec14808fb9a57fd5cebae4c8', 1, 1321533554, 'Opera/9.80 (X11; Linux x86_64; U; Edition Next; ru) Presto/2.9.220 Version/12.00', '0000000000000000000000007f000001', '', ''),
('ed92db62221b189e1895d6aac686a39b', 1, 1321658560, 'Opera/9.80 (X11; Linux x86_64; U; Edition Next; ru) Presto/2.9.220 Version/12.00', '0000000000000000000000007f000001', '', ''),
('eda3e8440db3a861b2493fdc6006acd7', 1, 1321667824, 'Opera/9.80 (X11; Linux x86_64; U; Edition Next; ru) Presto/2.9.220 Version/12.00', '0000000000000000000000007f000001', '', ''),
('eddf4d5113819be6f4fd19c659322770', 1, 1322090888, 'Opera/9.80 (X11; Linux x86_64; U; Edition Next; ru) Presto/2.9.220 Version/12.00', '0000000000000000000000007f000001', '', ''),
('ee7e0a82bae8306a134196647870773e', 1, 1321664497, 'Opera/9.80 (X11; Linux x86_64; U; Edition Next; ru) Presto/2.9.220 Version/12.00', '0000000000000000000000007f000001', '', ''),
('eec002d57987fbc1ba0cb07e8b93f5e6', 1, 1326802068, 'Mozilla/5.0 (X11; Linux x86_64) AppleWebKit/535.14 (KHTML, like Gecko) Ubuntu/11.10 Chromium/18.0.974.0 Chrome/18.0.974.0 Safari/535.14', '0000000000000000000000007f000001', '', ''),
('eedbd581f236ec720627eabbd74cd1ad', 1, 1322004242, 'Opera/9.80 (X11; Linux x86_64; U; Edition Next; ru) Presto/2.9.220 Version/12.00', '0000000000000000000000007f000001', '', ''),
('ef17c3f4ee1d34e33b4d158221d95b2c', 1, 1321493119, 'Opera/9.80 (X11; Linux x86_64; U; Edition Next; ru) Presto/2.9.220 Version/12.00', '0000000000000000000000007f000001', '', ''),
('ef2eb4e476f23425b5594f2e51b9c07c', 1, 1321663925, 'Opera/9.80 (X11; Linux x86_64; U; Edition Next; ru) Presto/2.9.220 Version/12.00', '0000000000000000000000007f000001', '', ''),
('ef7b3490e27492d6e18fa815911e2f90', 1, 1321531438, 'Opera/9.80 (X11; Linux x86_64; U; Edition Next; ru) Presto/2.9.220 Version/12.00', '0000000000000000000000007f000001', '', ''),
('ef9eb5ec716ee5c6c4de3384e6b93306', 1, 1322087587, 'Opera/9.80 (X11; Linux x86_64; U; Edition Next; ru) Presto/2.9.220 Version/12.00', '0000000000000000000000007f000001', '', ''),
('efff413e7e62c13da78cf9bcada1956f', 1, 1322001970, 'Opera/9.80 (X11; Linux x86_64; U; Edition Next; ru) Presto/2.9.220 Version/12.00', '0000000000000000000000007f000001', '', ''),
('f07deb47d90072d8ca45bedcc5e9e5b4', 1, 1327699601, 'Opera/9.80 (X11; Linux x86_64; U; Edition Next; ru) Presto/2.10.238 Version/12.00', '0000000000000000000000007f000001', '', ''),
('f0a0910939305cc4d96285ef64f55b03', 1, 1322000998, 'Opera/9.80 (X11; Linux x86_64; U; Edition Next; ru) Presto/2.9.220 Version/12.00', '0000000000000000000000007f000001', '', ''),
('f0a86377c9be581820292d6129376fbf', 1, 1322090929, 'Opera/9.80 (X11; Linux x86_64; U; Edition Next; ru) Presto/2.9.220 Version/12.00', '0000000000000000000000007f000001', '', ''),
('f131edf3ba368089e84a2baca00bd7e5', 1, 1322086045, 'Opera/9.80 (X11; Linux x86_64; U; Edition Next; ru) Presto/2.9.220 Version/12.00', '0000000000000000000000007f000001', '', ''),
('f1ca05ee27bdcfb489166636e49ca849', 1, 1321817602, 'Opera/9.80 (X11; Linux x86_64; U; Edition Next; ru) Presto/2.9.220 Version/12.00', '0000000000000000000000007f000001', '', ''),
('f20a20c10b25cb11e819470840770316', 1, 1324241853, 'Opera/9.80 (X11; Linux x86_64; U; Edition Next; ru) Presto/2.10.238 Version/12.00', '0000000000000000000000007f000001', '', ''),
('f27e635a2beafdb4ed1f5d87b2f8538e', 1, 1321807508, 'Opera/9.80 (X11; Linux x86_64; U; Edition Next; ru) Presto/2.9.220 Version/12.00', '0000000000000000000000007f000001', '', ''),
('f28722009d708547908da9d94c7d7382', 1, 1321492132, 'Opera/9.80 (X11; Linux x86_64; U; Edition Next; ru) Presto/2.9.220 Version/12.00', '0000000000000000000000007f000001', '', ''),
('f315c641420c2608b72d3d0e998df182', 1, 1321888111, 'Opera/9.80 (X11; Linux x86_64; U; Edition Next; ru) Presto/2.9.220 Version/12.00', '0000000000000000000000007f000001', '', ''),
('f400e908d15c49fd15f5134727f23c41', 1, 1322090031, 'Opera/9.80 (X11; Linux x86_64; U; Edition Next; ru) Presto/2.9.220 Version/12.00', '0000000000000000000000007f000001', '', ''),
('f425507b339c1c5f1e3985378d970638', 1, 1321825366, 'Opera/9.80 (X11; Linux x86_64; U; Edition Next; ru) Presto/2.9.220 Version/12.00', '0000000000000000000000007f000001', '', ''),
('f4a41316c7e4d7aa558fec38b2eaec59', 1, 1321663038, 'Opera/9.80 (X11; Linux x86_64; U; Edition Next; ru) Presto/2.9.220 Version/12.00', '0000000000000000000000007f000001', '', ''),
('f5b1e301216ff558e9d546b89c29f708', 1, 1321701448, 'Opera/9.80 (X11; Linux x86_64; U; Edition Next; ru) Presto/2.9.220 Version/12.00', '0000000000000000000000007f000001', '', ''),
('f617d64916eb6a4c563c2cbdaa9e4bb0', 1, 1321792420, 'Opera/9.80 (X11; Linux x86_64; U; Edition Next; ru) Presto/2.9.220 Version/12.00', '0000000000000000000000007f000001', '', ''),
('f6933cff930e7430f2dbf09285c081fd', 1, 1321999908, 'Opera/9.80 (X11; Linux x86_64; U; Edition Next; ru) Presto/2.9.220 Version/12.00', '0000000000000000000000007f000001', '', ''),
('f6f715cd7f76949ee0571bfbb4f3a502', 1, 1321912337, 'Opera/9.80 (X11; Linux x86_64; U; Edition Next; ru) Presto/2.9.220 Version/12.00', '0000000000000000000000007f000001', '', ''),
('f7ef51e71519d1110685d5ad054fb709', 1, 1322003925, 'Opera/9.80 (X11; Linux x86_64; U; Edition Next; ru) Presto/2.9.220 Version/12.00', '0000000000000000000000007f000001', '', ''),
('f88f6d1be210622ee6bfa4f02a905037', 1, 1322001398, 'Opera/9.80 (X11; Linux x86_64; U; Edition Next; ru) Presto/2.9.220 Version/12.00', '0000000000000000000000007f000001', '', ''),
('f8c18b1e2ef154522cc07cf1760e5cee', 1, 1323193158, 'Opera/9.80 (X11; Linux x86_64; U; Edition Next; ru) Presto/2.10.238 Version/12.00', '0000000000000000000000007f000001', '', ''),
('f8e00469607aec185f1d8790338fdcb6', 1, 1321492148, 'Opera/9.80 (X11; Linux x86_64; U; Edition Next; ru) Presto/2.9.220 Version/12.00', '0000000000000000000000007f000001', '', ''),
('f9067dc952a01c3f30bdd70741d07230', 1, 1321492804, 'Opera/9.80 (X11; Linux x86_64; U; Edition Next; ru) Presto/2.9.220 Version/12.00', '0000000000000000000000007f000001', '', ''),
('f92e2397b9f784e4d46b2e17cd748451', 1, 1321536787, 'Opera/9.80 (X11; Linux x86_64; U; Edition Next; ru) Presto/2.9.220 Version/12.00', '0000000000000000000000007f000001', '', ''),
('f9994f33aeef07683235b6cff78c936e', 1, 1321532671, 'Opera/9.80 (X11; Linux x86_64; U; Edition Next; ru) Presto/2.9.220 Version/12.00', '0000000000000000000000007f000001', '', ''),
('fa94f1db4dab0491be4bdfc955db15a6', 1, 1321663612, 'Opera/9.80 (X11; Linux x86_64; U; Edition Next; ru) Presto/2.9.220 Version/12.00', '0000000000000000000000007f000001', '', ''),
('fa9f04526125168249504663090cbdc5', 1, 1321807415, 'Opera/9.80 (X11; Linux x86_64; U; Edition Next; ru) Presto/2.9.220 Version/12.00', '0000000000000000000000007f000001', '', ''),
('faa873dc63f360809a56f5d17fa68c84', 1, 1322000247, 'Opera/9.80 (X11; Linux x86_64; U; Edition Next; ru) Presto/2.9.220 Version/12.00', '0000000000000000000000007f000001', '', ''),
('faf701a4eff4bb4d96f2141d58d72f00', 1, 1321820642, 'Opera/9.80 (X11; Linux x86_64; U; Edition Next; ru) Presto/2.9.220 Version/12.00', '0000000000000000000000007f000001', '', ''),
('fb32d6b13c259e6d9c71f2e82b9ba857', 1, 1321663801, 'Opera/9.80 (X11; Linux x86_64; U; Edition Next; ru) Presto/2.9.220 Version/12.00', '0000000000000000000000007f000001', '', ''),
('fb8506391febdd2a2f56f3418203fc00', 1, 1322085457, 'Opera/9.80 (X11; Linux x86_64; U; Edition Next; ru) Presto/2.9.220 Version/12.00', '0000000000000000000000007f000001', '', ''),
('fba3ac4ff957f732261349dfd33dd2cd', 1, 1321533081, 'Opera/9.80 (X11; Linux x86_64; U; Edition Next; ru) Presto/2.9.220 Version/12.00', '0000000000000000000000007f000001', '', ''),
('fbbe47ff0c945f23497f19254a3f660b', 1, 1322090782, 'Opera/9.80 (X11; Linux x86_64; U; Edition Next; ru) Presto/2.9.220 Version/12.00', '0000000000000000000000007f000001', '', ''),
('fbd1292ae8b36c397ea9ee51019b91ec', 1, 1321492713, 'Opera/9.80 (X11; Linux x86_64; U; Edition Next; ru) Presto/2.9.220 Version/12.00', '0000000000000000000000007f000001', '', ''),
('fcfe04cc87c9f617bf281008717f4832', 1, 1321817027, 'Opera/9.80 (X11; Linux x86_64; U; Edition Next; ru) Presto/2.9.220 Version/12.00', '0000000000000000000000007f000001', '', ''),
('fdaf53bcb74c6a4373bf3e6c17baa49a', 1, 1322000820, 'Opera/9.80 (X11; Linux x86_64; U; Edition Next; ru) Presto/2.9.220 Version/12.00', '0000000000000000000000007f000001', '', ''),
('fdefcac9d76c1d5f86472c24eb6def18', 1, 1322085456, 'Opera/9.80 (X11; Linux x86_64; U; Edition Next; ru) Presto/2.9.220 Version/12.00', '0000000000000000000000007f000001', '', ''),
('fdf1ff07d5ff3c9a8f862f26baeabc67', 1, 1321663696, 'Opera/9.80 (X11; Linux x86_64; U; Edition Next; ru) Presto/2.9.220 Version/12.00', '0000000000000000000000007f000001', '', ''),
('ffda7d6633fd54f4ea903a3bdd91ca26', 1, 1321922129, 'Opera/9.80 (X11; Linux x86_64; U; Edition Next; ru) Presto/2.9.220 Version/12.00', '0000000000000000000000007f000001', '', ''),
('fffc229e13418c0d83287a28a3cda5d1', 1, 1322001383, 'Opera/9.80 (X11; Linux x86_64; U; Edition Next; ru) Presto/2.9.220 Version/12.00', '0000000000000000000000007f000001', '', ''),
('00281fb3fd2a68d44cca172fc055168d', 2, 1326801885, 'Mozilla/5.0 (X11; Linux x86_64) AppleWebKit/535.14 (KHTML, like Gecko) Ubuntu/11.10 Chromium/18.0.974.0 Chrome/18.0.974.0 Safari/535.14', '0000000000000000000000007f000001', '', ''),
('016849d53759425fdec8cd5eaf63d15b', 2, 1321493068, 'Opera/9.80 (X11; Linux x86_64; U; Edition Next; ru) Presto/2.9.220 Version/12.00', '0000000000000000000000007f000001', '', ''),
('019cc51a11f2a648ccc20ab6c567b785', 2, 1321535760, 'Opera/9.80 (X11; Linux x86_64; U; Edition Next; ru) Presto/2.9.220 Version/12.00', '0000000000000000000000007f000001', '', ''),
('13ee3af95e2caccc60ada4e72973a6ac', 2, 1321537027, 'Opera/9.80 (X11; Linux x86_64; U; Edition Next; ru) Presto/2.9.220 Version/12.00', '0000000000000000000000007f000001', '', ''),
('1c8530b16c5239f1eb79bd354876b73e', 2, 1321660087, 'Opera/9.80 (X11; Linux x86_64; U; Edition Next; ru) Presto/2.9.220 Version/12.00', '0000000000000000000000007f000001', '', ''),
('21f1349e2be933b707cfd8a272ac1275', 2, 1321538631, 'Opera/9.80 (X11; Linux x86_64; U; Edition Next; ru) Presto/2.9.220 Version/12.00', '0000000000000000000000007f000001', '', ''),
('22b68896f6d5fe5849d515ba0f30ae91', 2, 1321536622, 'Opera/9.80 (X11; Linux x86_64; U; Edition Next; ru) Presto/2.9.220 Version/12.00', '0000000000000000000000007f000001', '', ''),
('24b5c22a60635bfc2aec6d1fe0cd52a6', 2, 1321663004, 'Opera/9.80 (X11; Linux x86_64; U; Edition Next; ru) Presto/2.9.220 Version/12.00', '0000000000000000000000007f000001', '', ''),
('24f8c6df2368240fafc90cda681bf250', 2, 1321535567, 'Opera/9.80 (X11; Linux x86_64; U; Edition Next; ru) Presto/2.9.220 Version/12.00', '0000000000000000000000007f000001', '', ''),
('2d4508e14348d0645c3ee39aa38c8687', 2, 1321702681, 'Opera/9.80 (X11; Linux x86_64; U; Edition Next; ru) Presto/2.9.220 Version/12.00', '0000000000000000000000007f000001', '', ''),
('3121c8075c92a9b05d32eec8ef207852', 2, 1321493007, 'Opera/9.80 (X11; Linux x86_64; U; Edition Next; ru) Presto/2.9.220 Version/12.00', '0000000000000000000000007f000001', '', ''),
('456d77e044758f84444ea57f17a7119c', 2, 1321669142, 'Opera/9.80 (X11; Linux x86_64; U; Edition Next; ru) Presto/2.9.220 Version/12.00', '0000000000000000000000007f000001', '', ''),
('462ea6e8f1f036dcbab7a07b1cbbf63f', 2, 1321656828, 'Opera/9.80 (X11; Linux x86_64; U; Edition Next; ru) Presto/2.9.220 Version/12.00', '0000000000000000000000007f000001', '', ''),
('48643c0e5c9cfc714a58470ee9815e91', 2, 1326802555, 'Mozilla/5.0 (X11; Linux x86_64) AppleWebKit/535.14 (KHTML, like Gecko) Ubuntu/11.10 Chromium/18.0.974.0 Chrome/18.0.974.0 Safari/535.14', '0000000000000000000000007f000001', '', ''),
('49828a2ca1b0e68af9b62df86c5d513e', 2, 1324168577, 'Mozilla/5.0 (Ubuntu; X11; Linux x86_64; rv:8.0) Gecko/20100101 Firefox/8.0', '0000000000000000000000007f000001', '', ''),
('4b4fcc22e53555125cd6479274a54b8c', 2, 1323191567, 'Opera/9.80 (X11; Linux x86_64; U; Edition Next; ru) Presto/2.10.238 Version/12.00', '0000000000000000000000007f000001', '', ''),
('59390c2a12935bad51ec736ba14b839b', 2, 1327288089, 'Mozilla/5.0 (X11; Linux x86_64) AppleWebKit/535.15 (KHTML, like Gecko) Ubuntu/11.10 Chromium/18.0.981.0 Chrome/18.0.981.0 Safari/535.15', '0000000000000000000000007f000001', '', ''),
('5be378a34b4f52fb1e2b5c31a7fc5461', 2, 1324162747, 'Mozilla/5.0 (X11; Linux x86_64) AppleWebKit/535.14 (KHTML, like Gecko) Ubuntu/11.10 Chromium/18.0.972.0 Chrome/18.0.972.0 Safari/535.14', '0000000000000000000000007f000001', '', ''),
('5c4e24e9a8e522286e0e87ebb67086d5', 2, 1326802051, 'Mozilla/5.0 (X11; Linux x86_64) AppleWebKit/535.14 (KHTML, like Gecko) Ubuntu/11.10 Chromium/18.0.974.0 Chrome/18.0.974.0 Safari/535.14', '0000000000000000000000007f000001', '', ''),
('67b72822667f5cb84a7b6470c365226c', 2, 1323036415, 'Mozilla/5.0 (X11; Linux x86_64) AppleWebKit/535.10 (KHTML, like Gecko) Ubuntu/11.10 Chromium/17.0.950.0 Chrome/17.0.950.0 Safari/535.10', '0000000000000000000000007f000001', '', ''),
('6af61114f457c70d31c1236111c05bee', 2, 1321535624, 'Opera/9.80 (X11; Linux x86_64; U; Edition Next; ru) Presto/2.9.220 Version/12.00', '0000000000000000000000007f000001', '', ''),
('6bd2a8ac1012eb4f67959558084d1a2e', 2, 1323036045, 'Opera/9.80 (X11; Linux x86_64; U; Edition Next; ru) Presto/2.10.238 Version/12.00', '0000000000000000000000007f000001', '', ''),
('6e98bc49878a9061cb890b4fba2d0bf8', 2, 1322258018, 'Opera/9.80 (X11; Linux x86_64; U; Edition Next; ru) Presto/2.9.220 Version/12.00', '0000000000000000000000007f000001', '', ''),
('843b92053a8734235a58c7a3e691faa3', 2, 1326754156, 'Mozilla/5.0 (X11; Linux x86_64) AppleWebKit/535.14 (KHTML, like Gecko) Ubuntu/11.10 Chromium/18.0.973.0 Chrome/18.0.973.0 Safari/535.14', '0000000000000000000000007f000001', '', ''),
('90e9e736ce78d643387c0a42a9718ae7', 2, 1321665706, 'Opera/9.80 (X11; Linux x86_64; U; Edition Next; ru) Presto/2.9.220 Version/12.00', '0000000000000000000000007f000001', '', ''),
('968ba8a41c24cd5951bd34f10995015f', 2, 1321493176, 'Opera/9.80 (X11; Linux x86_64; U; Edition Next; ru) Presto/2.9.220 Version/12.00', '0000000000000000000000007f000001', '', ''),
('a06d51381cb56a155f5c38e552ef3033', 2, 1321920503, 'Mozilla/5.0 (X11; Linux x86_64) AppleWebKit/535.10 (KHTML, like Gecko) Ubuntu/11.10 Chromium/17.0.945.0 Chrome/17.0.945.0 Safari/535.10', '0000000000000000000000007f000001', '', ''),
('a253bb26138b7244346cbc81cf9b93d8', 2, 1321492810, 'Opera/9.80 (X11; Linux x86_64; U; Edition Next; ru) Presto/2.9.220 Version/12.00', '0000000000000000000000007f000001', '', ''),
('a537e6560316ac128da79eac093bc624', 2, 1324225005, 'Opera/9.80 (X11; Linux x86_64; U; Edition Next; ru) Presto/2.10.238 Version/12.00', '0000000000000000000000007f000001', '', ''),
('a8f41d1a51f56a69d3c4a79c3c569c40', 2, 1321667646, 'Opera/9.80 (X11; Linux x86_64; U; Edition Next; ru) Presto/2.9.220 Version/12.00', '0000000000000000000000007f000001', '', ''),
('ae15e02c0705f9a8b2fa35981a7685c9', 2, 1324152567, 'Opera/9.80 (X11; Linux x86_64; U; Edition Next; ru) Presto/2.10.238 Version/12.00', '0000000000000000000000007f000001', '', ''),
('af4844a220cdb4ce2e29ac5cb51dcc66', 2, 1321536787, 'Opera/9.80 (X11; Linux x86_64; U; Edition Next; ru) Presto/2.9.220 Version/12.00', '0000000000000000000000007f000001', '', ''),
('c27cda83affb3380fc322feea5f49148', 2, 1321658575, 'Opera/9.80 (X11; Linux x86_64; U; Edition Next; ru) Presto/2.9.220 Version/12.00', '0000000000000000000000007f000001', '', ''),
('c2f687a065ed58ece1a3af0fbe62eef6', 2, 1321570559, 'Opera/9.80 (X11; Linux x86_64; U; Edition Next; ru) Presto/2.9.220 Version/12.00', '0000000000000000000000007f000001', '', ''),
('ca644f20bccd636218b4121e0f9a0d0e', 2, 1321911756, 'Opera/9.80 (X11; Linux x86_64; U; Edition Next; ru) Presto/2.9.220 Version/12.00', '0000000000000000000000007f000001', '', ''),
('cde00d70df37882812dd027a62c044f7', 2, 1321996641, 'Opera/9.80 (X11; Linux x86_64; U; Edition Next; ru) Presto/2.9.220 Version/12.00', '0000000000000000000000007f000001', '', ''),
('d1c3d63c8bd90d587052ab5d9989ed79', 2, 1321869441, 'Opera/9.80 (X11; Linux x86_64; U; Edition Next; ru) Presto/2.9.220 Version/12.00', '0000000000000000000000007f000001', '', ''),
('d397eb873e27f6db7ba7e2c7a534d672', 2, 1321657886, 'Opera/9.80 (X11; Linux x86_64; U; Edition Next; ru) Presto/2.9.220 Version/12.00', '0000000000000000000000007f000001', '', ''),
('dc8306c2e5eaeaec016a2ea516d2841e', 2, 1321536381, 'Opera/9.80 (X11; Linux x86_64; U; Edition Next; ru) Presto/2.9.220 Version/12.00', '0000000000000000000000007f000001', '', ''),
('e043c55e89aa1312bc1f8fc08a6d1ec9', 2, 1326752813, 'Mozilla/5.0 (X11; Linux x86_64) AppleWebKit/535.14 (KHTML, like Gecko) Ubuntu/11.10 Chromium/18.0.973.0 Chrome/18.0.973.0 Safari/535.14', '0000000000000000000000007f000001', '', ''),
('e2c05752e7a33d35dd89febde7049029', 2, 1321664496, 'Opera/9.80 (X11; Linux x86_64; U; Edition Next; ru) Presto/2.9.220 Version/12.00', '0000000000000000000000007f000001', '', ''),
('e3d8ffbaf5a5f81a2ec527a52b97957b', 2, 1322085212, 'Opera/9.80 (X11; Linux x86_64; U; Edition Next; ru) Presto/2.9.220 Version/12.00', '0000000000000000000000007f000001', '', ''),
('e526b32e596af9ae15653644841ee3b0', 2, 1326802592, 'Mozilla/5.0 (X11; Linux x86_64) AppleWebKit/535.14 (KHTML, like Gecko) Ubuntu/11.10 Chromium/18.0.974.0 Chrome/18.0.974.0 Safari/535.14', '0000000000000000000000007f000001', '', ''),
('eceb25106aef6d79241217a3920ba54f', 2, 1321536249, 'Opera/9.80 (X11; Linux x86_64; U; Edition Next; ru) Presto/2.9.220 Version/12.00', '0000000000000000000000007f000001', '', ''),
('f3db254723c5eb298c3e55cb77e70cc2', 2, 1321701418, 'Opera/9.80 (X11; Linux x86_64; U; Edition Next; ru) Presto/2.9.220 Version/12.00', '0000000000000000000000007f000001', '', ''),
('f857e5da640a322ce9947b5408950757', 2, 1327511602, 'Opera/9.80 (X11; Linux x86_64; U; Edition Next; ru) Presto/2.10.238 Version/12.00', '0000000000000000000000007f000001', '', ''),
('fa29315948a8253f85569eb83f99bbb7', 2, 1326802464, 'Mozilla/5.0 (X11; Linux x86_64) AppleWebKit/535.14 (KHTML, like Gecko) Ubuntu/11.10 Chromium/18.0.974.0 Chrome/18.0.974.0 Safari/535.14', '0000000000000000000000007f000001', '', ''),
('fb7f0b287c39d05c8b2b83ea55596ed3', 2, 1321788107, 'Opera/9.80 (X11; Linux x86_64; U; Edition Next; ru) Presto/2.9.220 Version/12.00', '0000000000000000000000007f000001', '', ''),
('74b1010db60817802f80416a71040e5b', 4, 0, 'Mozilla/5.0 (X11; Linux x86_64) AppleWebKit/535.15 (KHTML, like Gecko) Ubuntu/11.10 Chromium/18.0.984.0 Chrome/18.0.984.0 Safari/535.15', '0000000000000000000000007f000001', '', ''),
('551878d6a194a0a6214506f2771fbc49', 5, 0, 'Mozilla/5.0 (X11; Linux x86_64) AppleWebKit/535.15 (KHTML, like Gecko) Ubuntu/11.10 Chromium/18.0.984.0 Chrome/18.0.984.0 Safari/535.15', '0000000000000000000000007f000001', '', ''),
('83fb650d8a8d14391cb8af27e82e520a', 6, 1327681124, 'Mozilla/5.0 (X11; Linux x86_64) AppleWebKit/535.15 (KHTML, like Gecko) Ubuntu/11.10 Chromium/18.0.984.0 Chrome/18.0.984.0 Safari/535.15', '0000000000000000000000007f000001', '', '');

-- --------------------------------------------------------

--
-- Структура таблицы `prefix_texts`
--

CREATE TABLE IF NOT EXISTS `prefix_texts` (
  `id` bigint(20) unsigned NOT NULL AUTO_INCREMENT,
  `relation` varchar(1024) COLLATE utf8_unicode_ci NOT NULL,
  `relation_id` bigint(20) unsigned NOT NULL DEFAULT '0',
  `text` longtext COLLATE utf8_unicode_ci NOT NULL,
  PRIMARY KEY (`id`),
  KEY `relation` (`relation`(333)),
  KEY `relation_id` (`relation_id`),
  FULLTEXT KEY `text` (`text`)
) ENGINE=MyISAM DEFAULT CHARSET=utf8 COLLATE=utf8_unicode_ci AUTO_INCREMENT=1 ;

-- --------------------------------------------------------

--
-- Структура таблицы `prefix_users`
--

CREATE TABLE IF NOT EXISTS `prefix_users` (
  `id` int(11) unsigned NOT NULL AUTO_INCREMENT COMMENT 'WARNING: Never delete first 2 users!',
  `login` varchar(1024) COLLATE utf8_unicode_ci NOT NULL,
  `login_hash` varchar(56) COLLATE utf8_unicode_ci NOT NULL COMMENT 'hash method - sha224',
  `username` varchar(1024) COLLATE utf8_unicode_ci NOT NULL,
  `password_hash` varchar(128) COLLATE utf8_unicode_ci NOT NULL COMMENT 'hash method - sha512',
  `email` varchar(1024) COLLATE utf8_unicode_ci NOT NULL,
  `email_hash` varchar(56) COLLATE utf8_unicode_ci NOT NULL COMMENT 'hash method - sha224',
  `groups` varchar(1024) COLLATE utf8_unicode_ci NOT NULL DEFAULT '0',
  `permissions` blob NOT NULL,
  `language` varchar(255) COLLATE utf8_unicode_ci NOT NULL,
  `timezone` varchar(255) COLLATE utf8_unicode_ci NOT NULL,
  `regdate` bigint(20) unsigned NOT NULL DEFAULT '0',
  `regip` varchar(32) COLLATE utf8_unicode_ci NOT NULL COMMENT 'hex value, obtained by function ip2hex()',
  `regkey` varchar(32) COLLATE utf8_unicode_ci NOT NULL,
  `status` tinyint(1) NOT NULL DEFAULT '-1' COMMENT '''-1'' - not active (for example after registration), 0 - disabled, 1 - active',
  `block_until` bigint(20) unsigned NOT NULL DEFAULT '0',
  `rating` mediumint(9) NOT NULL DEFAULT '0',
  `lastlogin` bigint(20) unsigned NOT NULL DEFAULT '0',
  `lastip` varchar(32) COLLATE utf8_unicode_ci NOT NULL COMMENT 'hex value, obtained by function ip2hex()',
  `sex` tinyint(1) NOT NULL DEFAULT '-1' COMMENT '0 - male, 1 - female, -1 - undefined',
  `country` smallint(3) unsigned NOT NULL DEFAULT '0',
  `region` smallint(5) unsigned NOT NULL DEFAULT '0',
  `district` mediumint(8) unsigned NOT NULL DEFAULT '0',
  `city` int(11) unsigned NOT NULL DEFAULT '0',
  `birthday` bigint(20) unsigned NOT NULL DEFAULT '0',
  `avatar` varchar(255) COLLATE utf8_unicode_ci NOT NULL,
  `website` varchar(255) COLLATE utf8_unicode_ci NOT NULL,
  `icq` int(9) NOT NULL DEFAULT '0',
  `skype` varchar(255) COLLATE utf8_unicode_ci NOT NULL,
  `about` text COLLATE utf8_unicode_ci NOT NULL,
  `data` longtext COLLATE utf8_unicode_ci NOT NULL COMMENT 'Field for addition data in JSON format',
  PRIMARY KEY (`id`),
  KEY `login_hash` (`login_hash`(32)),
  KEY `password_hash` (`password_hash`(32)),
  KEY `email_hash` (`email_hash`(32)),
  KEY `language` (`language`),
  KEY `status` (`status`),
  KEY `rating` (`rating`),
  KEY `sex` (`sex`),
  KEY `country` (`country`),
  KEY `region` (`region`),
  KEY `district` (`district`),
  KEY `city` (`city`),
  KEY `icq` (`icq`),
  KEY `skype` (`skype`),
  KEY `groups` (`groups`(255))
) ENGINE=InnoDB  DEFAULT CHARSET=utf8 COLLATE=utf8_unicode_ci AUTO_INCREMENT=34 ;

--
-- Дамп данных таблицы `prefix_users`
--

INSERT INTO `prefix_users` (`id`, `login`, `login_hash`, `username`, `password_hash`, `email`, `email_hash`, `groups`, `permissions`, `language`, `timezone`, `regdate`, `regip`, `regkey`, `status`, `block_until`, `rating`, `lastlogin`, `lastip`, `sex`, `country`, `region`, `district`, `city`, `birthday`, `avatar`, `website`, `icq`, `skype`, `about`, `data`) VALUES
(1, 'guest', '', '', '', '', '', '', '', '', '', 0, '', '', 1, 0, 0, 0, '', -1, 0, 0, 0, 0, 0, '', '', 0, '', '', ''),
(2, 'Назар', '07f1fea87effe36dcb75a60d4d7796f205d0d912e5055ed52ce06e50', 'Назар', '33275a8aa48ea918bd53a9181aa975f15ab0d0645398f5918a006d08675c1cb27d5c645dbd084eee56e675e25ba4019f2ecea37ca9e2995b49fcb12c096a032e', 'nazar-pc@yandex.ru', 'a3b1008912667683e5628fe94ccd0ec3ba149c98964b426351351b5a', '1,2', '', 'russian', 'Europe/Kiev', 0, '', '', 1, 0, 0, 0, '', 0, 0, 0, 0, 0, 0, '1.jpg', '', 0, '', '', ''),
(3, '', '', 'deleted', '', '', '', '', '', '', '', 0, '', '', -1, 0, 0, 0, '', -1, 0, 0, 0, 0, 0, '', '', 0, '', '', ''),
(4, '', '', 'deleted', '', '', '', '', '', '', '', 0, '', '', -1, 0, 0, 0, '', -1, 0, 0, 0, 0, 0, '', '', 0, '', '', ''),
(5, '', '', 'deleted', '', '', '', '', '', '', '', 0, '', '', -1, 0, 0, 0, '', -1, 0, 0, 0, 0, 0, '', '', 0, '', '', ''),
(7, '', '', 'deleted', '', '', '', '', '', '', '', 0, '', '', -1, 0, 0, 0, '', -1, 0, 0, 0, 0, 0, '', '', 0, '', '', ''),
(8, '', '', 'deleted', '', '', '', '', '', '', '', 0, '', '', -1, 0, 0, 0, '', -1, 0, 0, 0, 0, 0, '', '', 0, '', '', ''),
(9, '', '', 'deleted', '', '', '', '', '', '', '', 0, '', '', -1, 0, 0, 0, '', -1, 0, 0, 0, 0, 0, '', '', 0, '', '', ''),
(13, '', '', 'deleted', '', '', '', '', '', '', '', 0, '', '', -1, 0, 0, 0, '', -1, 0, 0, 0, 0, 0, '', '', 0, '', '', ''),
(17, '', '', 'deleted', '', '', '', '', '', '', '', 0, '', '', -1, 0, 0, 0, '', -1, 0, 0, 0, 0, 0, '', '', 0, '', '', ''),
(18, '', '', 'deleted', '', '', '', '', '', '', '', 0, '', '', -1, 0, 0, 0, '', -1, 0, 0, 0, 0, 0, '', '', 0, '', '', ''),
(19, '', '', 'deleted', '', '', '', '', '', '', '', 0, '', '', -1, 0, 0, 0, '', -1, 0, 0, 0, 0, 0, '', '', 0, '', '', ''),
(20, '', '', 'deleted', '', '', '', '', '', '', '', 0, '', '', -1, 0, 0, 0, '', -1, 0, 0, 0, 0, 0, '', '', 0, '', '', ''),
(21, '', '', 'deleted', '', '', '', '', '', '', '', 0, '', '', -1, 0, 0, 0, '', -1, 0, 0, 0, 0, 0, '', '', 0, '', '', ''),
(22, '', '', 'deleted', '', '', '', '', '', '', '', 0, '', '', -1, 0, 0, 0, '', -1, 0, 0, 0, 0, 0, '', '', 0, '', '', ''),
(23, '', '', 'deleted', '', '', '', '', '', '', '', 0, '', '', -1, 0, 0, 0, '', -1, 0, 0, 0, 0, 0, '', '', 0, '', '', ''),
(24, '', '', 'deleted', '', '', '', '', '', '', '', 0, '', '', -1, 0, 0, 0, '', -1, 0, 0, 0, 0, 0, '', '', 0, '', '', ''),
(25, '', '', 'deleted', '', '', '', '', '', '', '', 0, '', '', -1, 0, 0, 0, '', -1, 0, 0, 0, 0, 0, '', '', 0, '', '', ''),
(26, '', '', 'deleted', '', '', '', '', '', '', '', 0, '', '', -1, 0, 0, 0, '', -1, 0, 0, 0, 0, 0, '', '', 0, '', '', ''),
(27, '', '', 'deleted', '', '', '', '', '', '', '', 0, '', '', -1, 0, 0, 0, '', -1, 0, 0, 0, 0, 0, '', '', 0, '', '', ''),
(28, '', '', 'deleted', '', '', '', '', '', '', '', 0, '', '', -1, 0, 0, 0, '', -1, 0, 0, 0, 0, 0, '', '', 0, '', '', ''),
(29, '', '', 'deleted', '', '', '', '', '', '', '', 0, '', '', -1, 0, 0, 0, '', -1, 0, 0, 0, 0, 0, '', '', 0, '', '', ''),
(30, '', '', 'deleted', '', '', '', '', '', '', '', 0, '', '', -1, 0, 0, 0, '', -1, 0, 0, 0, 0, 0, '', '', 0, '', '', ''),
(31, '', '', 'deleted', '', '', '', '', '', '', '', 0, '', '', -1, 0, 0, 0, '', -1, 0, 0, 0, 0, 0, '', '', 0, '', '', ''),
(33, 'test@cleverstyle.org', '4ed734681458ef79d1cbf5f12cec58ee886b83dc2146e7acd30948be', '', '3aa99a38be4b2b45d44eb1ad7df832c2f8adc32af483fe6cfa045136', 'test@cleverstyle.org', '4ed734681458ef79d1cbf5f12cec58ee886b83dc2146e7acd30948be', '2', '', '', '', 1325098003, '0000000000000000000000007f000001', 'c9c9b9e6ceef39255e7efc308645df83', -1, 0, 0, 0, '', -1, 0, 0, 0, 0, 0, '', '', 0, '', '', '');

/*!40101 SET CHARACTER_SET_CLIENT=@OLD_CHARACTER_SET_CLIENT */;
/*!40101 SET CHARACTER_SET_RESULTS=@OLD_CHARACTER_SET_RESULTS */;
/*!40101 SET COLLATION_CONNECTION=@OLD_COLLATION_CONNECTION */;
